# This file is derived from developers_affiliations.txt and so should not be edited directly.
# If you see an error, please update developers_affiliations.txt and this file will be fixed
# when regenerated.
eBay:
	AmandaHassoun: AmandaHassoun!users.noreply.github.com
	Amit Desai: amit.desai03!gmail.com, amitdesai03!users.noreply.github.com
	Armstrong Li: jianqli!ebay.com
	Ashwin Raveendran: ashw7n!gmail.com, ashw7n!users.noreply.github.com
	Chuck Ge: ssge!ebay.com
	Daniel Lipovetsky: daniel!platform9.com, dlipovetsky!users.noreply.github.com until 2014-09-01
	Davide Libenzi: davidel!xmailserver.org until 2015-09-01
	Diane Fleming: diane.fleming!rackspace.com from 2014-06-30 until 2014-12-31
	Divyani Rao: dirao!ebay.com
	DylanPiercey: DylanPiercey!users.noreply.github.com
	Emile Snyder: emile.snyder!gmail.com, emsnyder!ebay.com
	Gargi Sharma: gs051095!gmail.com from 2015-05-01 until 2016-07-01
	Ginwala: jinsenorita!gmail.com, noah8713!users.noreply.github.com from 2014-07-01
	Han Zhou: zhouhan!gmail.com
	Homayoun Zariv: hzariv!ebay.com, hzariv!users.noreply.github.com
	Igor Dralyuk: idralyuk!ebay.com
	JC Martin: jc-m!users.noreply.github.com, jcmartin!medallia.com until 2014-04-01
	Jack Greenfield: jackgr!users.noreply.github.com from 2014-02-01 until 2014-04-01
	Jiaxin Shan: Jeffwan!users.noreply.github.com, seedjeffwan!gmail.com from 2016-03-01 until 2018-11-01
	Jing Liu: 7ing!users.noreply.github.com, jliu23!ebay.com
	Keegan Witt: keeganwitt!gmail.com, keeganwitt!users.noreply.github.com from 2014-03-01 until 2015-10-01
	Kunal Gandhi: khgandhi!users.noreply.github.com, kugandhi!ebay.com, kunalhgandhi!gmail.com
	Madhavan Balasubramanian: bmadhavan!ebay.com, bmadhavan!users.noreply.github.com
	Marc Guenther: mguenther!ebay.com
	Martin Liu: hualiu!ebay.com
	Mat Lowery: mlowery!ebay.com, mlowery!ebaysf.com, mlowery!users.noreply.github.com
	Mike Cumings: mcumings!scummer.org, mcumings!users.noreply.github.com
	Minhan Xia: freehan!users.noreply.github.com, minhan.xia!gmail.com, mixia!google.com until 2015-10-01
	Prakasam Kannan: pkannan!ebay.com
	Qiu Yu: qiuyu!ebaysf.com, unicell!gmail.com, unicell!users.noreply.github.com
	Ramin Akhbari: rakhbari!ebay.com
	Rhommel Lamas: rhoml!users.noreply.github.com, roml!rhommell.com
	Ruddarraju, Uday Kumar Raju: rudaykumarraju!gmail.com, uruddarraju!ebay.com, uruddarraju!users.noreply.github.com
	Sean: xiangzhou!ebay.com
	Semenov, Dmytro: dsemenov!ebay.com
	Simon Aquino: siaquino!ebay.com
	Simon Fell: fellforce!gmail.com, superfell!users.noreply.github.com from 2017-08-01
	Sreekanth Pothanis: spothanis!ebay.com, spothanis!users.noreply.github.com
	Steven Arnott: ArcticSnowman!users.noreply.github.com, steven.arnott!grantstreet.com until 2015-04-01
	Sudheendra Murthy: sudhi-vm!users.noreply.github.com, sumurthy!ebay.com
	Thuc Nguyen: thuc.nguyen!ebay.com, thucatebay!users.noreply.github.com
	Tomas Bezdek: 601832+bezda!users.noreply.github.com, tbezdek!ebay.com, tbezdek!gumtree.com
	Trevor Hartman: devth!users.noreply.github.com, trevorhartman!gmail.com
	Vijay Samuel: vija!ebay.com, vjsamuel!users.noreply.github.com
	Vijayendra Bhamidipati: vijayendrabvs!users.noreply.github.com from 2017-02-01
	Vladislav Ponomarev: vponomarev!ebay.com
	Xiaogang Xin: xinxiaogang!users.noreply.github.com, xnxin!ebay.com
	Xiaoxi Chen: xiaoxchen!ebay.com, xiaoxi.chen!intel.com, xiaoxichen!users.noreply.github.com from 2016-01-01
	Xin: xnxin!lm-shc-00950210.corp.ebay.com
	Zeng Ming: me!valentinpalkovic.biz, mizeng!ebaysf.com, mizeng!users.noreply.github.com
	amace: amace!cloudbees.com
	amcreynolds: amcreynolds!ebay.com
	amcreynolds: amcreynolds!ebaysf.com
	armstrongli: armstrongli!users.noreply.github.com
	awalterschulze: awalterschulze!gmail.com
	awalterschulze: awalterschulze!users.noreply.github.com
	candy901122: candy901122!users.noreply.github.com
	cchiappini: cchiappini!ebay.com
	chengyli: chengyli!ebay.com, chengyli!users.noreply.github.com
	chtitoon: chtitoon!users.noreply.github.com
	codegoblins: codegoblins!users.noreply.github.com
	coffman: coffman!coinbase.com
	danielqsj: danielqsj!users.noreply.github.com, qsj.daniel!gmail.com from 2017-11-01
	dfleming: dfleming!austin.rr.com from 2014-06-30 until 2014-12-31
	diflemin: diflemin!cisco.com from 2014-06-30 until 2014-12-31
	diflemin: diflemin!ebay.com from 2014-06-30 until 2014-12-31
	fesu: fesu!ebay.com
	fmeng: fmeng!ebay.com, mfanjie!users.noreply.github.com
	garrettlish: garrettlish!163.com
	garrettlish: garrettlish!users.noreply.github.com
	gilessbrown: gilessbrown!users.noreply.github.com
	gsbrown: gsbrown!ebay.com
	hamelmoon: hamelmoon!users.noreply.github.com
	huiqing zhou: hzhou!slack-corp.com, inexplicable.huiqing!gmail.com
	hzhou8: hzhou8!ebaysf.com
	ianmcburnie: ianmcburnie!users.noreply.github.com
	iantw89: iantw89!gmail.com, iantw89!users.noreply.github.com until 2014-07-01
	jackgr: jackgr!google.com from 2014-02-01 until 2014-04-01
	jozic: jozic!live.com
	keshin: keshin!users.noreply.github.com
	kmanicka: kmanicka!users.noreply.github.com
	laksvij: laksvij!hawk.iit.edu until 2014-06-01
	lhuang8: lhuang8!ebay.com
	maselvaraj: maselvaraj!l-maa-00387954.corp.ebay.com
	matiwinnetou: matiwinnetou!users.noreply.github.com
	mirawlings: mirawlings!ebay.com
	mizeng: mizeng!ebay.com
	mlrawlings: mlrawlings!users.noreply.github.com
	mosoni: mosoni!ebay.com
	nitinsh99: nitinsh99!gmail.com
	nitinsh99: nitinsh99!users.noreply.github.com
	pierceydylan: pierceydylan!gmail.com from 2017-11-01
	pitiwari: pitiwari!ebay.com
	plu: plu!users.noreply.github.com
	psreep: psreep!gmail.com from 2014-05-01 until 2015-08-01
	r: r!smus.nu
	rasmus: rasmus!users.noreply.github.com
	salilsurendran: sasurendran!.corp.ebay.com
	sasurendran: sasurendran!ebay.com
	scttdavs: scttdavs!users.noreply.github.com
	sengopal: sengopal!users.noreply.github.com
	smalldirector: smalldirector!users.noreply.github.com
	stephan lindauer: stephanlindauer!posteo.de, stephanlindauer!users.noreply.github.com from 2017-04-01
	subashram: subashram!users.noreply.github.com until 2018-08-01
	thomas: thomas!gulost.net
	tomalex0: tomalex0!gmail.com
	tomalex0: tomalex0!users.noreply.github.com
	tomlous: tomlous!gmail.com from 2018-06-01 until 2019-04-01
	vbhamidipati: vbhamidipati!ebaysf.com
	vbhamidipati: vbhamidipati!paypal.com
	vijayendrabvs: vijayendrabvs!gmail.com
	vpvutharkar: vpvutharkar!ebaysf.com
	wangyf2010: wangyf2010!gmail.com
	wangyf2010: wangyf2010!users.noreply.github.com
	wenjgao: wenjgao!ebay.com, wenjun93!users.noreply.github.com
	wenlxie: wenlxie!ebay.com, wenlxie!users.noreply.github.com
	winston.d: winston.d!gmail.com from 2013-06-22
	xima: xima!ebay.com
	xinma: xinma!users.noreply.github.com
	yanjunzhou-ca: yanjunzhou-ca!users.noreply.github.com
	youji: youji!ebay.com
	yuki90: yuki90!users.noreply.github.com
	zhiteng: zhiteng!users.noreply.github.com
	zhiteng.huang: zhiteng.huang!intel.com from 2013-06-22
	zhithuang: zhithuang!ebaysf.com from 2013-06-22
	zhouhaibing089: haibzhou!ebay.com, zhouhaibing089!gmail.com, zhouhaibing089!users.noreply.github.com
eBoundHost:
	dennismonsewicz: dennismonsewicz!gmail.com from 2014-07-01 until 2016-08-01
eBrandValue:
	Aybuke Ozdemir: aybuke.147!gmail.com from 2016-12-01 until 2018-05-01
eCraft:
	Olle Jonsson: olle.jonsson!gmail.com, olleolleolle!users.noreply.github.com
	Per Lundberg: perlun!gmail.com, perlun!users.noreply.github.com until 2014-03-01
eDigitalResearch:
	Jan Dolecek: juzna!kiwi.com, juzna!users.noreply.github.com, juzna.cz!gmail.com
eDreams ODIGEO:
	josepot: josepot!gmail.com from 2019-04-01 until 2019-09-01
eFolders:
	Jonathan Hall: flimzy!flimzy.com, flimzy!users.noreply.github.com until 2015-09-01
eGifter:
	Steven Rathbauer: steven!rathpc.com from 2016-06-01 until 2017-06-01
eGinnovations:
	pontiyaraja: pandiyaraja.r!globant.com until 2015-12-01
eGroup:
	Zach Arnold: me!zacharnold.org from 2014-08-01 until 2015-11-01
eHealth Africa:
	Elijah Oyekunle: eloyekunle!gmail.com, eloyekunle!users.noreply.github.com from 2018-07-01 until 2019-02-01
	elijah.oyekunle: elijah.oyekunle!ehealthnigeria.org from 2018-10-01 until 2019-02-01
eInstruction:
	Jeremy Roberson: jeremy.roberson!einstruction.com
eM Client:
	filipnavara: filipnavara!users.noreply.github.com until 2014-06-01
eMbeddedHome:
	esp32de: esp32de!users.noreply.github.com
eMoneyAdvisior:
	Derek Lemon: delemon!cisco.com, derlemon!gmail.com, drekle!users.noreply.github.com from 2018-01-01 until 2018-05-01
eNovance:
	Anita Kuno: akuno!lavabit.com, anita.kuno!enovance.com, anteaya!anteaya.info until 2013-06-21
	Chmouel Boudjnah: chmouel!chmouel.com, chmouel!enovance.com, chmouel!redhat.com, chmouel!users.noreply.github.com from 2012-10-01 until 2014-06-24
	Cyril Roelandt: cyril.roelandt!enovance.com until 2014-06-24
	Cyril Roelandt: tipecaml!gmail.com
	Emilien Macchi: emilien!enovance.com, emilien.macchi!enovance.com, emilien.macchi!stackops.com until 2014-06-24
	Fabien Boucher: fabien.boucher!enovance.com, fabien.dot.boucher!gmail.com, fboucher!redhat.com, morucci!users.noreply.github.com until 2014-06-24
	Frederic Lepied: frederic.lepied!enovance.com, fredericlepied!users.noreply.github.com until 2014-06-24
	Gordon Chung: chungg!ca.ibm.com until 2014-06-24
	Julien Danjou: julien!danjou.info until 2014-06-24
	Loic Dachary: loic!dachary.org until 2012-09-09
	Maxime Vidori: maxime.vidori!enovance.com until 2014-06-24
	Mehdi Abaakouk: mehdi.abaakouk!enovance.com, sileht!redhat.com, sileht!sileht.net, sileht!users.noreply.github.com until 2014-06-24
	Nick Barcet: nicolas!barcet.com from 2013-01-01
	Romain Chantereau: romain.chantereau!enovance.com until 2014-06-24
	Sebastien Badia: sbadia!users.noreply.github.com, sebastien.badia!enovance.com until 2014-06-24
	Sylvain Afchain: sylvain.afchain!enovance.com until 2014-06-24
	Sébastien Han: leseb!users.noreply.github.com, sebastien.han!enovance.com until 2014-06-24
	Thomas Herve: thomas.herve!enovance.com until 2014-06-24
	Tristan Cacqueray: tdecacqu!redhat.com until 2014-06-24
	Victor Stinner: vstinner!python.org, vstinner!redhat.com, vstinner!users.noreply.github.com until 2014-06-24
	Vladik Romanovsky: vladikr!users.noreply.github.com, vromanso!redhat.com until 2014-06-24
	chem: chem!sathlan.org until 2014-06-24
	chmouel: chmouel!openstack.org from 2012-10-01 until 2014-06-24
	chmouel.boudjnah: chmouel.boudjnah!rackspace.co.uk from 2012-10-01 until 2014-06-24
	cristian.schwede: cristian.schwede!enovance.com until 2014-06-24
	croeland: croeland!redhat.com until 2014-06-24
	cschwede: cschwede!redhat.com until 2014-06-24
	emacchi: emacchi!redhat.com until 2014-06-24
	flepied: flepied!redhat.com until 2014-06-24
	gaetan.trellu: gaetan.trellu!enovance.com until 2014-07-08
	gaetan.trellu: gaetan.trellu!incloudus.com until 2014-07-08
	gaetan.trellu: gaetan.trellu!ormuco.com until 2014-07-08
	gchung: gchung!redhat.com until 2014-06-24
	george.peristerakis: george.peristerakis!enovance.com until 2014-06-24
	gleboude: gleboude!redhat.com until 2014-06-24
	goneri.lebouder: goneri.lebouder!enovance.com until 2014-06-24
	gord.chung: gord.chung!huawei.com until 2014-06-24
	gordon chung: chungg!users.noreply.github.com, gord!live.ca until 2014-06-24
	gordon.chung: gordon.chung!enovance.com until 2014-06-24
	gperiste: gperiste!redhat.com until 2014-06-24
	gtrellu: gtrellu!redhat.com until 2014-07-08
	jdanjou: jdanjou!redhat.com until 2014-06-24
	jhakimra: jhakimra!redhat.com until 2014-06-24
	joe.hakim.rahme: joe.hakim.rahme!enovance.com until 2014-06-24
	julien.danjou: julien.danjou!enovance.com until 2014-06-24
	launchpad: launchpad!chmouel.com from 2012-10-01 until 2014-06-24
	loic.dachary: loic.dachary!cloudwatt.com until 2012-09-09
	loic.dachary: loic.dachary!enovance.com until 2012-09-09
	mabaakou: mabaakou!redhat.com until 2014-06-24
	masco.kaliyamoorthy: masco.kaliyamoorthy!enovance.com until 2014-06-24
	matthieu.huin: matthieu.huin!enovance.com until 2014-06-24
	mhuin: mhuin!redhat.com until 2014-06-24
	mkaliyam: mkaliyam!redhat.com until 2014-06-24
	mvidori: mvidori!redhat.com until 2014-06-24
	nick: nick!enovance.com from 2013-01-01
	nick.barcet: nick.barcet!canonical.com from 2013-01-01
	nijaba: nijaba!ubuntu.com from 2013-01-01
	rchanter: rchanter!redhat.com until 2014-06-24
	safchain: safchain!redhat.com until 2014-06-24
	sathlang: sathlang!redhat.com until 2014-06-24
	sbadia: sbadia!redhat.com until 2014-06-24
	sgaddam: sgaddam!redhat.com until 2014-06-24
	shan: shan!redhat.com until 2014-06-24
	sofer.athlan-guyot: sofer.athlan-guyot!enovance.com until 2014-06-24
	sridhargaddam: sridhar.gaddam!enovance.com, sridhargaddam!users.noreply.github.com until 2014-06-24
	talset: florian.lambert!enovance.com, talset!users.noreply.github.com, talset55!gmail.com
	th: th!rackspace.com until 2014-06-24
	therve: therve!gmail.com until 2014-06-24
	therve: therve!redhat.com until 2014-06-24
	tristan.cacqueray: tristan.cacqueray!enovance.com until 2014-06-24
	victor.stinner: victor.stinner!enovance.com until 2014-06-24
	vladik.romanovsky: vladik.romanovsky!enovance.com until 2014-06-24
ePages:
	Bastian Klein: b.klein!epages.com, bklein1!users.noreply.github.com
eSailors:
	Christoph Kutzinski: kutzi!gmx.de
	Martin Joehren: m.joehren!gmail.com, martin.joehren!esailors.de
	Qasim Sarfraz: MQasimSarfraz!users.noreply.github.com, syed.qasim.sarfraz!gmail.com from 2017-10-01
eTF1:
	Ghislain Guiot: gt.ghislain!gmail.com from 2017-10-01 until 2017-11-01
eXo Platform:
	Arnaud Heritier: aheritier!users.noreply.github.com until 2015-05-01
	Maxime Gréau: greaumaxime!gmail.com, maxime.greau!elastic.co, mgreau!users.noreply.github.com from 2015-05-01 until 2017-08-01
eZ Systems:
	André R.: andre.romcke!gmail.com, ar!ez.no
eZono AG:
	Sławomir Czarko-Wasiutycz: slawomir!ezono.com until 2019-01-01
eZuce:
	hakman: hakman!users.noreply.github.com until 2014-06-01
easySYS:
	christian.haeusler: christian.haeusler!vshn.ch from 2015-05-01 until 2015-09-01
eatsa:
	David Langhorst: dave!scytale.io, dirt!monkey.org, drrt!users.noreply.github.com from 2015-11-01 until 2017-07-01
eazyBI:
	Janis Baiza: jbaiza!gmail.com from 2016-08-01
ebm-papst:
	kvdz: kay20!hotmail.com from 2016-09-01 until 2018-07-01
ecobee:
	Kevin Nisbet: kevin!gravitational.com, knisbet!users.noreply.github.com from 2016-08-01 until 2017-10-01
ecosio:
	53300940: 53300940!qq.com
	Robert Gründler: robert!dubture.com
	markus_hatvan: markus_hatvan!aon.at
edX:
	Alban Browaeys: alban.browaeys!gmail.com from 2015-01-01 until 2015-12-01
	talbs: talbs!users.noreply.github.com until 2016-01-01
	tobz: tobias.lawrence!gmail.com from 2015-12-01 until 2017-11-01
edelight:
	Dario Blanco: darioblanco!users.noreply.github.com, dblancoit!gmail.com until 2014-01-01
egghead.io:
	tylermcginnis: tylermcginnis!users.noreply.github.com from 2015-07-01 until 2016-05-01
	tylermcginnis33: tylermcginnis33!gmail.com from 2015-07-01 until 2016-05-01
eharmony:
	Andy Chan: andy.chan!cloudtf.ninja, andy.chan!iceycake.com, iceycake!users.noreply.github.com until 2014-07-01
ekino:
	Lucas Lampietti: lampietti!ekino.com, lucas.lampietti!ekino.com
ekom21 KGRZ Hessen:
	Waldemar Biller: wbiller!users.noreply.github.com from 2016-02-01 until 2016-12-01
elastic:
	chrismarkou92: chrismarkou92!gmail.com
elegantmonkeys:
	ageblade: ageblade!users.noreply.github.com
	ron212: ron212!users.noreply.github.com
eleme:
	703979707: 703979707!qq.com
	HopeLyn: HopeLyn!users.noreply.github.com
	Sn0rt: Sn0rt!users.noreply.github.com, sn0rt!abc.shop.edu.cn
	ahjdzx: ahjdzx!users.noreply.github.com
	chenxuanincn: chenxuanincn!gmail.com
	doubleceston: doubleceston!users.noreply.github.com
	ibufu: ibufu!users.noreply.github.com
	kirk: kirk91!users.noreply.github.com, kirk91.han!gmail.com, steven.hl.0901!gmail.com
	liangzhitao: liangzhitao!users.noreply.github.com
	ohmystack: jiangjun1990!gmail.com, ohmystack!users.noreply.github.com
	woshiliangzhitao: woshiliangzhitao!gmail.com
elfGROUP:
	Matti Siipola: matti!synopsys.com until 2016-02-01
elijah!zupancic.name Independent:
	elijahz: elijahz!snapskout.com, from 2015-03-01 until 2015-05-01
elijah!zupancic.name Joyent:
	elijahz: elijahz!snapskout.com, from 2015-05-01
elijah!zupancic.name Tack Local:
	elijahz: elijahz!snapskout.com, until 2015-03-01
embedUR:
	Siddharth Chandrasekaran: cbsiddharth!users.noreply.github.com, csiddharth!vmware.com, janusz!januszwisniowski.it, joepearson87!gmail.com, siddharth!embedjournal.com from 2017-02-01 until 2017-07-01
emmene-moi:
	Emmene-moi: Emmenemoi!users.noreply.github.com, sebastien!emmene-moi.fr
emondo:
	Lihan Li: lihan.li!hotmail.com from 2016-03-15
emz-Hanauer:
	Alexander Polleti: metapsycholo!gmail.com, metapsychologe!users.noreply.github.com until 2017-07-01
enfore AG:
	Clifford Sanders: clifford650!gmail.com from 2014-05-01 until 2019-03-01
engageSPARK:
	zkanda: zkanda!users.noreply.github.com from 2016-01-01
engine2 s.r.o.:
	kriz: kriz!codelab.cz
englT:
	Corentin LABBE: clabbe.montjoie!gmail.com, ezekielelin!me.com, julian.lannigan!gmail.com from 2017-06-01 until 2018-02-01
	Corentin Labbe: clabbe!baylibre.com from 2017-06-01 until 2018-02-01
entelo:
	jasantunes: jasantunes!gmail.com
eric.carraway!uicentric.com, sepulveda.cristian!gmail.com, sweetcczhang!gmail.com Coder Camps:
	github: github!ericcarraway.com, from 2014-06-01 until 2014-08-01
eric.carraway!uicentric.com, sepulveda.cristian!gmail.com, sweetcczhang!gmail.com Farm Bureau:
	github: github!ericcarraway.com, from 2014-11-01 until 2015-06-01
eric.carraway!uicentric.com, sepulveda.cristian!gmail.com, sweetcczhang!gmail.com Independent:
	github: github!ericcarraway.com, from 2014-08-01 until 2014-11-01
eric.carraway!uicentric.com, sepulveda.cristian!gmail.com, sweetcczhang!gmail.com Northside ISD:
	github: github!ericcarraway.com, until 2014-06-01
eric.carraway!uicentric.com, sepulveda.cristian!gmail.com, sweetcczhang!gmail.com Rackspace:
	github: github!ericcarraway.com, from 2015-06-01 until 2016-12-01
eric.carraway!uicentric.com, sepulveda.cristian!gmail.com, sweetcczhang!gmail.com UI CENTRIC:
	github: github!ericcarraway.com, from 2016-12-01
eteration:
	nyener: nilaycoskun4155!gmail.com, nyener!users.noreply.github.com until 2015-09-01
ethereum:
	guidovranken: guidovranken!gmail.com
everis:
	Ana Rey: anarey!gmail.com from 2016-10-01
	ArnauAregall: ArnauAregall!users.noreply.github.com
	Emilio Escobar: escoem!users.noreply.github.com until 2015-10-01
	Fabio José: fabiojose!gmail.com, fabiojose!users.noreply.github.com from 2014-01-01
	Francisco Hernández Suárez: fhsuarez!gmail.com from 2015-12-01
	Francisco Javier Fernandez Gonzalez: fjfernandez!cloudbees.com until 2017-08-01
	JalalSordo: JalalSordo!users.noreply.github.com
	Marco Davalos: josephlawlcm!gmail.com, marcodavalosmantilla!gmail.com from 2016-04-01 until 2017-02-01
	Sergio Millan: alaabarazi!gmail.com, bhalaniabhishek!gmail.com, maximilien.garenne!gmail.com, sergio!snyk.io, sermilrod!gmail.com, sermilrod!users.noreply.github.com from 2014-05-01 until 2014-09-01
	Sergio Moreno: sergio.moreno.calzada!everis.com, sergiomcalzada!users.noreply.github.com
	Sergio Sisternes: sesispla!outlook.com, sesispla!users.noreply.github.com
	Viktor Farcic: vfarcic!users.noreply.github.com, viktor!farcic.com from 2014-04-01 until 2015-04-01, from 2015-08-01 until 2015-11-01
	apieraf: apieraf!users.noreply.github.com
	cmendible: cmendible!gmail.com from 2018-09-01
	danigt91: danigt91!users.noreply.github.com
	jalal_sordo: jalal_sordo!hotmail.com
	jsanchezramos: jsanchezramos!users.noreply.github.com
	juanfrasr: juanfrasr!gmail.com
	pablotoledo: pablotoledo!users.noreply.github.com
	sergiomcalzada: sergio.m.calzada!gmail.com
	victorsauri: victorsauri!users.noreply.github.com
	zsolt: zsolt!hyperknot.com
everydayhero:
	Elliot Anderson: elliot!users.noreply.github.com from 2015-08-15
evosec:
	Arlo O'Keeffe: mailtoarlo!gmail.com
eww ITandTEL:
	Andreas Moser: amoser!hm.edu
ezDi:
	Naresh: ghostwriternr!gmail.com, ghostwriternr!users.noreply.github.com from 2016-05-01 until 2016-06-01
ezhome:
	Tigran Najaryan: 4194920+tigrannajaryan!users.noreply.github.com, tigran!najaryan.net, tigran!omnition.io, tigrannajaryan!users.noreply.github.com from 2015-11-01 until 2018-01-01
fabbricadigitale:
	Leonardo Di Donato: leodidonato!gmail.com from 2017-12-01 until 2018-02-01
	me: me!leonardograsso.com from 2016-12-01 until 2018-01-01
fact0ry:
	blakeembrey: blakeembrey!users.noreply.github.com from 2016-04-01 until 2017-02-01
factuno:
	42783895+factuno-db: 42783895+factuno-db!users.noreply.github.com
	daniel.bader: daniel.bader!factuno.com
ferdinand!malcher.media Independent:
	mail: mail!fmalcher.de, until 2015-07-01, from 2017-06-01
ferdinand!malcher.media VISIXgroup:
	mail: mail!fmalcher.de, from 2015-07-01 until 2017-06-01
fiberhome:
	AlawnWong: AlawnWong!users.noreply.github.com, coolstar007!126.com
finesse.io:
	Pete Miller: miller.pete!gmail.com, petemill!users.noreply.github.com
finleap connect:
	Christian Hüning: christianhuening!users.noreply.github.com from 2018-06-01
fino:
	Waldemar Biller: wbiller!users.noreply.github.com from 2016-12-01 until 2018-02-01
flatfair:
	ms32035: ms32035!gmail.com from 2019-09-01
flonatel:
	andreas: andreas!florath.net
fluget.it:
	Diego Woitasen: diego!flugel.it, diegows!users.noreply.github.com, doug!tukesoftware.com
freeCodeCamp:
	morenoh149: morenoh149!gmail.com until 2015-07-01
freee 株式会社:
	Shuhei Kitagawa: shuhei.kitagawa!c-fo.com, shuheiktgw!users.noreply.github.com from 2016-11-01
frozenice:
	David Kirstein: frozenice!frozenice.de, frozenice!users.noreply.github.com
g0v.tw:
	Chia-liang Kao: clkao!clkao.org
garden.io:
	David Rubin: davidrub!gmail.com, drubin!users.noreply.github.com from 2018-10-01
gatsbyjs:
	fk: fk!users.noreply.github.com
	hello: hello!ng-hai.dev
	jlengstorf: jlengstorf!users.noreply.github.com
	ng-hai: ng-hai!users.noreply.github.com
	pvdz: pvdz!users.noreply.github.com
	sidharthachatterjee: sidharthachatterjee!users.noreply.github.com
genua:
	Michael Schnupp: michael.schnupp!gmail.com, michas2!users.noreply.github.com
	Tobias Schaffner: TobiasSchaffner!users.noreply.github.com, tobiasschaffner87!outlook.com until 2017-10-01
gh!troyd.net HealthStream:
	github: github!troyd.net, until 2017-06-01
gh!troyd.net Paylocity:
	github: github!troyd.net, from 2017-06-01
gijsbotje:
	botje_gijs: botje_gijs!hotmail.com from 2017-06-01 until 2018-08-01
github!benjam.info Facebook:
	bgw: bgw!fb.com,
github.mike!thelovelaces.ca NotFound:
	mike.lovelace: mike.lovelace!imaginecommunications.com,
goeuro:
	EmaSuriano: EmaSuriano!users.noreply.github.com
	adnaangr: adnaangr!users.noreply.github.com
	carlos-algms: carlos-algms!users.noreply.github.com
	sircelsius: sircelsius!users.noreply.github.com
gojek-engineering:
	akarshsatija: akarshsatija!users.noreply.github.com
	davcdhanesh1: davcdhanesh1!gmail.com
	olttwa: olttwa!users.noreply.github.com
	shishir127: shishir127!users.noreply.github.com
	vjdhama: vjdhama!users.noreply.github.com, vjdhama26!gmail.com
grandcentrix:
	Djordje Atlialp: djordje!atlialp.com, djordje.atlialp!grandcentrix.net, rhazdon!users.noreply.github.com
graphql360.com:
	Luke Chadwick: me!vertis.io from 2018-09-01
gravitational:
	Lele: eldios!users.noreply.github.com, xeldiosx!gmail.com
greenkeeperio:
	support: support!greenkeeper.io
gridsolut GmbH & Co.KG:
	Tobias Unger: ungerts!googlemail.com until 2014-09-01
groom gbr:
	Tobias Schmidt: grobie!users.noreply.github.com, ts!soundcloud.com until 2016-07-01
	Tobias Schmidt: tobidt!gmail.com until 2012-07-01
h2o.ai:
	Fabrizio Milo: mistobaan!users.noreply.github.com
hPage:
	andreas: andreas!hpage.com from 2017-08-01
hackNY:
	Matt Condon: Shrugs!users.noreply.github.com, matt!skillshare.com, mattgcondon!gmail.com from 2016-12-15
heartbeats.jp:
	YOSHIKAWA Ryota: yoshikawa!heartbeats.jp
hello2morrow:
	Esteban Angee: esteban.angee!hello2morrow.com until 2017-09-01
	Ingmar: i.kellner!hello2morrow.com
henning!schmiedehausen.org The Apache:
	henning.schmiedehausen: henning.schmiedehausen!zuora.com, until 2015-07-01
henning!schmiedehausen.org Zuora:
	henning.schmiedehausen: henning.schmiedehausen!zuora.com, from 2015-07-01
heycar:
	alexandernilsson: alexandernilsson!users.noreply.github.com from 2017-02-01 until 2018-02-01
hidden:
	blr: blr!nw3weather.co.uk
hipages:
	Enrico Stahn: enrico.stahn!gmail.com, estahn!users.noreply.github.com from 2016-05-01
hisilicon:
	Xu YiPing: keczan!live.com, xuyiping!hisilicon.com
hitomedia:
	inductor: inductor!users.noreply.github.com from 2016-06-01 until 2018-03-01
hiyainc:
	calbucci: calbucci!users.noreply.github.com
	marcelo: marcelo!calbucci.com
holidaycheck:
	treimann: treimann!digitalocean.com
home.ai:
	Eric Greer: ericgreer!gmail.com, integrii!users.noreply.github.com
home24:
	Sergej Jevsejev: sjevs!users.noreply.github.com, sjevsejev!gmail.com
honestbee:
	Saurav Kothari: sauravkothari2!gmail.com from 2018-07-01 until 2019-05-01
i-Cell Mobilsoft:
	getamas: getamas!gmail.com from 2016-09-01
i2CAT:
	Carolina Fernandez: cfermart!gmail.com
i2O:
	w.d.hawker: w.d.hawker!gmail.com from 2017-07-01 until 2017-12-01
iA Financial Group:
	Mathieu Cantin: harcher81!gmail.com from 2016-04-01 until 2018-07-01
iAdvize:
	Francois-Guillaume Ribreau: FGRibreau!users.noreply.github.com, github!fgribreau.com
	Laurent Commarieu: commarla!users.noreply.github.com, laurent.commarieu!gmail.com
	hamonanth: hamonanth!gmail.com from 2015-01-01
iBROWS:
	Flavian: Flask!users.noreply.github.com, flavian.sierk!gmail.com until 2015-11-01
iCitizen:
	Joey Espinosa: jlouis.espinosa!gmail.com, particledecay!users.noreply.github.com from 2015-08-01 until 2016-06-01
	Mark Betz: markbnj!users.noreply.github.com from 2015-08-01 until 2016-03-01
iClinic:
	Thiago Farina: tfarina!chromium.org from 2017-02-01
iD:
	scalablecory: scalablecory!users.noreply.github.com until 2014-08-01
iFix:
	Jason Russell: jasrusable!users.noreply.github.com
iFood:
	tioxy: tioxy!users.noreply.github.com from 2019-05-01
iGloo:
	Loïc Mahieu: LoicMahieu!users.noreply.github.com, mahieuloic!gmail.com
iHear Medical:
	Mohammad Samman: MSamman!users.noreply.github.com, moesef1!gmail.com until 2014-08-01
iHeart Media:
	Vince Montalbano: vince.montalbano!gmail.com, vjm!users.noreply.github.com
iHeartMedia:
	David Barratt: dbarratt!wikimedia.org from 2017-01-01 until 2017-05-01
	holevietlong: holevietlong!gmail.com until 2015-03-01
iHerb:
	Raymond Arias: RaymondArias!users.noreply.github.com, rarias2010!yahoo.com from 2017-11-01 until 2019-04-01
iLama Oy:
	jyrmyx: jyri.ilama!gmail.com from 2019-04-01
iLink Systems:
	Neel Shah: bamashah!hotmail.com until 2014-03-01
iNNOVO Cloud:
	Christoph Glaubitz: chrigl!users.noreply.github.com, christoph.glaubitz!innovo-cloud.de from 2017-01-01
	Daniël Franke: ainmosni!users.noreply.github.com, daniel!ams-sec.org from 2017-11-01
iOSynergy:
	Karol Kozimor: sziwan!hell.org.pl until 2014-11-01
iPlant Collaborative:
	Chris LaRose: cjlarose!gmail.com, cjlarose!users.noreply.github.com until 2014-01-01
iQmetrix:
	brantb: brantb!users.noreply.github.com
	joshlemer: joshlemer!gmail.com until 2014-08-01
iRobot:
	Pavel Roskin: plroskin!gmail.com from 2013-09-01 until 2015-04-01
iSYS:
	Fabian Trampusch: fabian.trampusch!freenet.de until 2018-04-01
	Wilhelm Laschinger: wlaschinger!live.de from 2018-11-01
iSocket:
	Max Beatty: max!beatty.me until 2014-11-01
iStreamPlanet:
	Daniel Taylor: dtaylor!istreamplanet.com
	Jesse Johnston: jessejohnston-isp!users.noreply.github.com, jjohnston!istreamplanet.com
	chuckeng-isp: chuckeng-isp!users.noreply.github.com
	isnellfeikema-isp: isnellfeikema-isp!users.noreply.github.com
	jlovero: jlovero!istreamplanet.com
	jlovero-isp: jlovero-isp!users.noreply.github.com
	jmasonISP: jmasonISP!users.noreply.github.com
	matthew: matthew!osbornm.com
	osbornm: osbornm!users.noreply.github.com
iTMethods:
	Hao: hao.1.wang!gmail.com, snowsky!users.noreply.github.com, soccerhaotian!hotmail.com
iTechArt:
	Sergey Baranov: 37897781+skarj!users.noreply.github.com, skarj!users.noreply.github.com from 2018-06-01
	aliaksei: aliaksei!inspectorio.com from 2015-01-01
	mim: mim!mim.pw from 2015-01-01
	mimworkmail: mimworkmail!gmail.com from 2015-01-01
iTree Finance:
	Tomas Straupis: tomasstraupis!gmail.com
iWA Consolti:
	serge17: sergii.borsuk!contrastsecurity.com from 2016-09-01 until 2017-09-01
iWazat:
	Ivan Fraixedes: ifcdev!gmail.com, ifraixedes!users.noreply.github.com
iWeb:
	David Moreau Simard: dmsimard!iweb.com, moi!dmsimard.com until 2013-10-30
	David Moreau-Simard: dms!redhat.com until 2013-10-30
	Mathieu Gagné: mgagne!iweb.com until 2013-10-30
	Maxime Belanger: maxime.b.belanger!gmail.com, mbelang!users.noreply.github.com from 2015-02-01 until 2017-08-01
	arahal: arahal!internap.com until 2013-10-30
	arahal: arahal!iweb.com until 2013-10-30
	darren: darren!iweb.co.uk
	daz: daz!dwuk.net
	dmsimard: dmsimard!internap.com until 2013-10-30
	godp1301: godp1301!gmail.com until 2013-10-30
	jprovost: jprovost!internap.com until 2013-10-30
	jprovost: jprovost!iweb.com until 2013-10-30
	jprovost.sh: jprovost.sh!gmail.com until 2013-10-30
	lindycoder: lindycoder!gmail.com until 2013-10-30
	martin.roy: martin.roy!internap.com until 2013-10-30
	mat128: mat128!gmail.com until 2013-10-30
	mgagne: mgagne!calavera.ca until 2013-10-30
	mgagne: mgagne!internap.com until 2013-10-30
	mmitchell: mmitchell!internap.com until 2013-10-30
	mmitchell: mmitchell!iweb.com until 2013-10-30
	mroy: mroy!iweb.com until 2013-10-30
	olivierpilotte: olivierpilotte!gmail.com until 2013-10-30
	opilotte: opilotte!iweb.com until 2013-10-30
	pgodin: pgodin!internap.com until 2013-10-30
	pgodin: pgodin!iweb.com until 2013-10-30
iWebSolutions:
	Aaron Brady: aaron!iweb.co.uk
	Edward Rowley: ed!iweb.co.uk
iWelcome:
	Jesse van Bekkum: jvanbekkum!xebia.com until 2014-12-01
iXsystems:
	Alexander Motin: mav!freebsd.org, mav!ixsystems.com
	Craig Rodrigues: rodrigc!freebsd.org, rodrigc!users.noreply.github.com until 2014-07-01
iZENEsoft:
	Vincent Lee: absolute8511!users.noreply.github.com, cool8511!gmail.com until 2015-04-01
iZettle:
	Tommy Ulfsparre: tommy!ulfsparre.se, tommyulfsparre!users.noreply.github.com until 2015-01-01
	andytom: andytom!users.noreply.github.com from 2016-11-01
ibiblio:
	Jason Wang: jasonwzm!gmail.com from 2014-08-01 until 2015-06-01
iconectiv:
	Greg Liebowitz: gliebowitz!iconectiv.com, liebowitz!users.noreply.github.com
id2mp:
	Stelian Pop: stelian!popies.net from 2017-02-01
idealhack:
	Yang Li: idealhack!gmail.com, idealhack!users.noreply.github.com
idealista:
	eskabetxe: eskabetxe!users.noreply.github.com
idealista.com:
	Daniel Ortega: aleksey.danchin!gmail.com, danielortegaufano!gmail.com, dortegau!users.noreply.github.com
ideeli:
	Jeff Wolski: jeff!wercker.com, jwolski2!users.noreply.github.com from 2012-01-15 until 2013-05-01
iflix:
	Ady Romantika: adyromantika!users.noreply.github.com
	Salvatore Mazzarino: dev!mazzarino.cz, mazzy89!users.noreply.github.com from 2016-07-01 until 2018-02-01
	ShaunEgan: ShaunEgan!users.noreply.github.com
	Yury Tsarev: xnull!opensuse.org, ytsarev!users.noreply.github.com, yury.tsarev!iflix.com
	bhegazy: bhegazy!users.noreply.github.com from 2016-05-01 until 2017-04-01
	email: email!jakubriedl.cz
	jakubriedl: jakubriedl!users.noreply.github.com
	msessa: msessa!users.noreply.github.com
	shauneganza: shauneganza!gmail.com
	zsolt-racz: zsolt-racz!users.noreply.github.com
igel:
	Ake Koomsin: ake!igel.co.jp
	Damian Hobson-Garcia: dhobsong!igel.co.jp
	Hideki EIRAKU: hdk!igel.co.jp
	Katsuya Matsubara: matsu!igel.co.jp
	Kazunori Kobayashi: kkobayas!igel.co.jp
	Magnus Damm: damm!igel.co.jp
	Takanari Hayama: taki!igel.co.jp
	Tetsuya Mukawa: mukawa!igel.co.jp
	Tomohito Esaki: etom!igel.co.jp
ii.coop:
	Devan Carpenter: devan!ii.coop
	devaips: devaips!users.noreply.github.com
iiNet:
	Jake Bolam: jake.bolam!gmail.com from 2014-11-01 until 2017-03-01
illuminateeducation:
	Kyle Umstatter: blackstar257!users.noreply.github.com
imec:
	Amarjargal Gundjalam: amarjargal.gundjalam!gmail.com from 2014-01-01 until 2015-01-01
imgix:
	Christopher Zacharias: christopher.zacharias!gmail.com
	Johannes 'fish' Ziemke: discordianfish!users.noreply.github.com, fish!freigeist.org, github!freigeist.org from 2016-02-01 until 2017-02-01
	david birdsong: david.birdsong!gmail.com, david.birdsong!imgix.com, davidbirdsong!users.noreply.github.com
imo.im:
	iskren.chernev: iskren.chernev!gmail.com
inCahoots NYC Design & Development:
	tbrassie: tbrassie!empatico.org from 2016-04-01 until 2017-05-01
inLab FIB:
	Enrique González: goga.enrique!gmail.com, offzale!users.noreply.github.com until 2016-01-01
inLabFBI:
	Yoel Cabo: yoel.cabo!gmail.com, yoelcabo!users.noreply.github.com from 2015-02-01 until 2016-01-01
indiehosters:
	Pierre Ozoux: ga53sij!mytum.de, pierre!ozoux.net, pierreozoux!users.noreply.github.com
inesa:
	chensh: chensh!rc.inesa.com
	dongjxf: dongjxf!rc.inesa.com
	gaoyl: gaoyl!rc.inesa.com
	guans: guans!rc.inesa.com
	lalasjtu: lalasjtu!gmail.com
	liuc: liuc!rc.inesa.com
	liumk: liumk!rc.inesa.com
	peiy: peiy!rc.inesa.com
	sunc: sunc!rc.inesa.com
	sunrx: sunrx!rc.inesa.com
	wangy: wangy!rc.inesa.com
	zhangpf: zhangpf!rc.inesa.com
	zhangyf: zhangyf!rc.inesa.com from 2017-04-24
inetss:
	Ilya Semenov: IlyaSemenov!users.noreply.github.com, andrew!beginsinwonder.com, ilya!semenov.co
infix:
	Timothy Zemp: timothy!zemp.ch from 2015-09-01
inflo.Ai:
	Paul van der Linden: mail!paultjuh.org, pvanderlinden!users.noreply.github.com from 2016-08-01 until 2018-11-01
ingenieux:
	Aldrin Leal: aldrin!leal.eng.br until 2015-06-01, from 2016-12-01
innoscale AB:
	Max Leonard Inden: indenml!gmail.com, mxinden!users.noreply.github.com until 2017-01-01
inovex:
	Arnold Bechtoldt: mail!arnoldbechtoldt.com
	Benjamin: ben-st!users.noreply.github.com, info!diffus.org
	Christoph Hösler: christoph.hoesler!gmail.com, christoph.hoesler!inovex.de, hoesler!users.noreply.github.com
	FlorianWilhelm: FlorianWilhelm!users.noreply.github.com
	Jan Unterbrink: jan.unterbrink!subpath.de, subpathdev!users.noreply.github.com
	Johannes M. Scheuermann: joh.scheuer!gmail.com
	Johannes Scheuermann: johannes.scheuermann!inovex.de, johscheuer!users.noreply.github.com
	Maximilian Bischoff: maxbischoff!users.noreply.github.com, maximilianbischoff2!gmail.com
	Nils Domrose: endyman!users.noreply.github.com, matthew!sixricks.com, nils!domrose.net, raun!berkeley.edu
	arnisoph: arnisoph!users.noreply.github.com
	github: github!domrose.net
	jigfox: jigfox!me.com
	jigfox: jigfox!users.noreply.github.com
	leonmbecker: leonmbecker!users.noreply.github.com
	mail+github: mail+github!arnoldbechtoldt.com
	silentHoo: silentHoo!users.noreply.github.com
intive:
	rjasica: rafal!jasica.net from 2015-08-01 until 2017-11-01
intive - BLStream:
	Adam Borowski: kilobyte!angband.pl from 2016-10-01 until 2018-11-01
into.care:
	samverschueren: samverschueren!users.noreply.github.com from 2015-03-01
invemax:
	simek: simek!users.noreply.github.com from 2016-02-01 until 2017-04-01
invenio:
	rushtehrani: r!inven.io
inwinSTACK:
	Albert Tu: albert.t!inwinstack.com
	DesmondS: desmond.s!inwinstack.com
	Kyle Bai: k2r2.bai!gmail.com, kairen!users.noreply.github.com, s1499k005!gmail.com
	MinSheng Lin: minsheng.l!inwinstack.com, minshenglin!users.noreply.github.com
	Rico Lin: rico.lin.guanyu!gmail.com, ricolin!users.noreply.github.com until 2017-02-24
	cy.l: cy.l!inwinstack.com
	dino.p: dino.p!inwinstack.com
	dommgifer: dommgifer!gmail.com until 2017-02-10
	jeffxie: jeffxie!iii.org.tw until 2017-02-10
	kairen: kyle.b!inwinstack.com
	pcp33307: pcp33307!gmail.com
	rico.l: rico.l!inwinstack.com until 2017-02-24
	rico.lin: rico.lin!easystack.cn until 2017-02-24
	simon.l: simon.l!inwinstack.com
	tyranron: tyranron!gmail.com, tyranron!users.noreply.github.com
	x7712611430: x7712611430!gmail.com
ioGlue:
	Yaron Rosenbaum: yaronr!users.noreply.github.com
ioSport:
	Gsantomaggio: Gsantomaggio!users.noreply.github.com from 2018-01-01 until 2018-12-01
iomed.health:
	jmvizcainoio: 44993815+jmvizcainoio!users.noreply.github.com, jmvizcainoio!users.noreply.github.com
iosphere GmbH:
	Jan Weitz: jan!iosphere.de, me!janweitz.de, weitzj!users.noreply.github.com
ipb (uk) Ltd.:
	Lars Immisch: eveline!yellowmelon.nl, lars!ibp.de, rich!richleland.com, vliegelientje!users.noreply.github.com
iq option europe:
	Arslanbekov Denis: Arslanbekov!users.noreply.github.com, arslanbekov!gmail.com from 2016-11-01
is2ei.horie!gmail.com Appirits:
	issei.horie: issei.horie!nulab-inc.com, until 2015-03-01
is2ei.horie!gmail.com LexisNexis:
	issei.horie: issei.horie!nulab-inc.com, from 2015-03-01 until 2017-08-01
is2ei.horie!gmail.com Nulab:
	issei.horie: issei.horie!nulab-inc.com, from 2017-08-01
ista:
	Greg Maslowski: gregmaslowski!gmail.com from 2017-02-01 until 2019-07-01
it-economics:
	Johannes Brüderl: birdayz!users.noreply.github.com, johannes.bruederl!gmail.com from 2017-03-01 until 2017-09-01
it-outsourcing:
	que-etc: que-etc!users.noreply.github.com until 2014-05-01
itdesign GmbH:
	Jakob Jarosch: dev!jakobjarosch.de, foxylion!users.noreply.github.com
itemis:
	Rafael Rezende: rafaelrezend!gmail.com until 2016-09-01
itestra:
	EWachnowezki: 43754445+ewachnowezki!users.noreply.github.com until 2016-12-01
ithinx:
	Xue Liu: liuxuenetmail!gmail.com from 2017-12-01 until 2018-01-01
itkey:
	feodor.tarasenko: feodor.tarasenko!gmail.com
	ftarasenko: ftarasenko!itkey.com
iunigo:
	Marcos Lilljedahl: marcosnils!gmail.com, marcosnils!users.noreply.github.com from 2018-01-01
ivx:
	Alexander Marold: alexander.marold!invision.de
	Daniel Heitmann: daniel.heitmann!invision.de, dictvm!dictvm.org, dictvm!users.noreply.github.com
jQuery UI:
	scottgonzalez: scottgonzalez!users.noreply.github.com
jabapyth!gmail.com English3:
	jared: jared!jaredforsyth.com, from 2015-01-01 until 2015-08-01
jabapyth!gmail.com Independent:
	jared: jared!jaredforsyth.com, until 2015-01-01
jabapyth!gmail.com Khan Academy:
	jared: jared!jaredforsyth.com, from 2015-08-01
jaehwan.ryu!icloud.com NotFound:
	1032120121: 1032120121!163.com,
jayway:
	Markus Maga: Flydiverny!users.noreply.github.com, markus!maga.se from 2016-12-01
	Oskar Wickström: oskar.wickstrom!gmail.com until 2015-12-01
jd martin company:
	Nathan Lynch: nathan_lynch!mentor.com
jet tsang:
	jet tsang zeon-git: jetsanix!users.noreply.github.com, zeon-git!jettsang.com
jetstack:
	Luke Addison: dippynark!users.noreply.github.com, luke.addison!jetstack.io, lukeaddison785!gmail.com, xmr.nkr!gmail.com
	Richard Wall: richard.wall!jetstack.io, wallrj!users.noreply.github.com
jirotech:
	jamessewell: james.sewell!gmail.com, jamessewell!users.noreply.github.com
jmarantz:
	google: google!users.noreply.github.com
	opensource: opensource!google.com
jmicron.com:
	Aries Lee: arieslee!jmicron.com
	Ethan Hsiao: ethanhsiao!jmicron.com
	akeemting: akeem!jmicron.com
jnaapti:
	farhaan.bukhsh: farhaan.bukhsh!gmail.com from 2015-01-01 until 2018-04-01
jobandtalent:
	Álex González: agonzalezro!gmail.com, agonzalezro!users.noreply.github.com
jobcloud:
	Nick: nick.nellis!weather.com, thirdeyenick!users.noreply.github.com
john.mclaughlin!originate.com Roave:
	aleksey: aleksey!xerkus.pro,
johnnado.com:
	John McGehee: jmcgeheeiv!users.noreply.github.com from 2014-07-01 until 2015-02-01
jukotali!microsoft.com Independent:
	jkotalik12: jkotalik12!gmail.com, until 2016-06-01, from 2016-09-01 until 2017-07-01
jukotali!microsoft.com Microsoft:
	jkotalik12: jkotalik12!gmail.com, from 2016-06-01 until 2016-09-01, from 2017-07-01
justsml!gmail.com Core Title:
	397632+justsml: 397632+justsml!users.noreply.github.com, until 2017-06-01
justsml!gmail.com Galvanize:
	397632+justsml: 397632+justsml!users.noreply.github.com, from 2017-09-01 until 2019-02-01
justsml!gmail.com Hillside:
	397632+justsml: 397632+justsml!users.noreply.github.com, from 2017-06-01 until 2017-09-01
justsml!gmail.com Lambda:
	397632+justsml: 397632+justsml!users.noreply.github.com, from 2019-02-01
keenlogics:
	realityking: realityking!users.noreply.github.com until 2015-10-01
kickstarter:
	copasetickid: copasetickid!users.noreply.github.com
	garbles: garbles!users.noreply.github.com
	github: github!gabe.pizza
kingxunlian:
	lpwork: lpwork!foxmail.com
kiratech:
	Lorenzo Fontana: fontanalorenz!gmail.com
kkkkk:
	Shammah Chancellor: schancel!users.noreply.github.com, shammah.chancellor!gmail.com
klicap:
	Manuel Recena: changkon12!gmail.com, recena!gmail.com until 2015-12-01
	amuniz: amuniz!cloudbees.com until 2018-05-01
kn8:
	rmenn: rmenn!users.noreply.github.com from 2018-08-01
komola:
	Thomas Schaaf: schaaf!komola.de, thomaschaaf!users.noreply.github.com
konvenit:
	Arthur: arthurbalfredo!gmail.com, arthurbragaa!users.noreply.github.com
kristian.hellang!iris.no Capgemini:
	kristian: kristian!hellang.com, until 2014-10-01
kristian.hellang!iris.no Miles AS:
	kristian: kristian!hellang.com, from 2015-05-01
kristian.hellang!iris.no Sharp Code:
	kristian: kristian!hellang.com, from 2014-10-01 until 2015-05-01
ksyun:
	opsnull: geekard!qq.com
kube.camp:
	Ivan Pedrazas: ipedrazas!gmail.com, ipedrazas!users.noreply.github.com
lastminute.com:
	Laurent Crisci: laurent!crisci.io, laurent.crisci!gmail.com, lcrisci!users.noreply.github.com until 2015-07-15
layzee.dk!gmail.com Frontmatec:
	larsbrinknielsen: larsbrinknielsen!gmail.com, from 2017-12-01 until 2018-12-01
layzee.dk!gmail.com KeepFocus:
	larsbrinknielsen: larsbrinknielsen!gmail.com, from 2018-12-01 until 2019-10-01
layzee.dk!gmail.com Systemate:
	larsbrinknielsen: larsbrinknielsen!gmail.com, from 2019-10-01
layzee.dk!gmail.com Thisted Kommune:
	larsbrinknielsen: larsbrinknielsen!gmail.com, until 2017-12-01
lden Delicious Computers GmbH&Co:
	H. Nikolaus Schaller: hns!goldelico.com, info!goldelico.com
leanovate:
	Yann Simon: yann.simon.fr!gmail.com, yanns!users.noreply.github.com
lecentre.net:
	Prune Sebastien THOMAS: prune!lecentre.net, prune998!users.noreply.github.com
lemonbeat:
	Christian Taedcke: chrta!users.noreply.github.com, hacking!taedcke.com from 2016-06-01
lenart.io:
	Janos Lenart: janos!lenart.io, lenartj!users.noreply.github.com
lichess.org:
	isaac.r.levy: isaac.r.levy!gmail.com from 2017-01-01
lightcode.fr:
	Matthieu: lightcode!users.noreply.github.com
linutronix:
	Andreas Messerschmid: andreas!linutronix.de
	Anna-Maria Gleixner: anna-maria!linutronix.de
	Artem B. Bityutskiy: dedekind!linutronix.de
	Benedikt Spranger: b.spranger!linutronix.de, bene!linutronix.de
	Erica Bugden: erica.bugden!linutronix.de
	Hans J. Koch: hjk!linutronix.de
	Holger Dengler: dengler!linutronix.de
	Jan Altenberg: jan!linutronix.de, jan.altenberg!linutronix.de
	John Ogness: jogness!linutronix.de, john.ogness!linutronix.de
	Kurt Kanzenbach: kurt!linutronix.de, kurt.kanzenbach!linutronix.de
	Manuel Traut: manut!linutronix.de, manut!mecka.net
	Oskar Schirmer: oskar!linutronix.de
	Philipp Rosenberger: p.rosenberger!linutronix.de
	Richard Cochran: rcochran!linutronix.de
	Richard Weinberger: rw!linutronix.de
	Sebastian Andrzej Siewior: bigeasy!linutronix.de
	Thiemo Seufer: ths!linutronix.de
	Thomas Gleixner: tglx!cruncher.tec.linutronix.de, tglx!inhell4.tec.linutronix.de, tglx!inhelltoy.tec.linutronix.de, tglx!linutronix.de, tglx!mtd.linutronix.de, tglx!tglx.tec.linutronix.de, tgxl!linutronix.de
	Thomas Wucher: thwucher!linutronix.de
	Torben Hohn: torbenh!linutronix.de
	Volker Haspel: volker.haspel!linutronix.de
	speck for Pawan Gupta: speck!linutronix.de
liul.stone!gmail.com Horizon Robotics:
	liul124: liul124!chinaunicom.cn,
lll:
	Stephen Chen: RPing!users.noreply.github.com, g1222888!gmail.com
log-os:
	Phanindra Pydisetty: Phanindra48!users.noreply.github.com, phanindra.nitw!gmail.com
	cyriac24: cyriac24!users.noreply.github.com
logan!cyberstorm.mu AFRINIC-The Internet Numbers Registry for Africa:
	loganaden: loganaden!gmail.com, from 2016-01-01
logan!cyberstorm.mu Independent:
	loganaden: loganaden!gmail.com, until 2015-12-01
logan!cyberstorm.mu cyberstorm.mu:
	loganaden: loganaden!gmail.com, from 2015-12-01 until 2016-01-01
loodse:
	toschneck: toschneck!users.noreply.github.com
lucas!marcelli.ca Amadeus:
	blaporte: blaporte!amadeus.com,
luminatewireless.com:
	Ming Zhao: mzhao!luminatewireless.com, mzhaom!users.noreply.github.com
lunar way:
	Bjørn: Crevil!users.noreply.github.com, bjoern.soerensen!gmail.com from 2017-05-01
mGage:
	Aaron Whiteside: aaronjwhiteside!gmail.com, aaronjwhiteside!users.noreply.github.com from 2015-01-01 until 2016-12-01
mLab:
	Tim Fogarty: tfogo!users.noreply.github.com, tim!tfogo.com from 2017-06-01
macys.com:
	eddiesimeon: ej.simeon!gmail.com
man7.org:
	Michael Kerrisk: mtk-manpages!gmail.com
mark!markhansen.co.nz FINN.no:
	gregersrygg: gregersrygg!gmail.com, until 2016-10-01
mark!markhansen.co.nz Telenor Digital:
	gregersrygg: gregersrygg!gmail.com, from 2016-10-01
mark.ru:
	nabokihms: nabokihms!users.noreply.github.com from 2016-02-01 until 2017-09-01
maryvilledev:
	Anthony Howell: anthonyrhowell!gmail.com
maxb.personal!gmail.com NotFound:
	max: max!npmjs.com,
mayflower:
	Ma27: Ma27!users.noreply.github.com
	calbrecht: calbrecht!users.noreply.github.com
	christian.albrecht: christian.albrecht!mayflower.de
	maximilian: maximilian!mbosch.me
	phryneas: phryneas!users.noreply.github.com
mbr targeting:
	dev: dev!tavan.de until 2016-12-01
mc2 software:
	Alexey Palazhchenko: AlekSi!users.noreply.github.com, alexey.palazhchenko!gmail.com, alexey.palazhchenko!percona.com until 2016-07-01
me!kurtruppel.com, me+github!kurtruppel.com Checkr:
	kurt: kurt!checkr.com, from 2016-01-01 until 2018-12-01
me!kurtruppel.com, me+github!kurtruppel.com Middesk:
	kurt: kurt!checkr.com, from 2018-12-01
me!kurtruppel.com, me+github!kurtruppel.com Zendesk:
	kurt: kurt!checkr.com, until 2016-01-01
me+github!drbeat.li Independent:
	dev: dev!drbeat.li,
medCPU:
	nigel.foucha: nigel.foucha!gmail.com from 2018-09-01 until 2019-07-01
mediathand:
	kanongil: kanongil!users.noreply.github.com
meetHere:
	ayazhafiz: ayazhafiz!users.noreply.github.com from 2016-09-01 until 2017-08-01
menew:
	Shinichi Katayama: shin1.katayama!gmail.com from 2018-02-01 until 2018-12-01
metux IT service:
	Enrico Weigelt, metux IT consult: info!metux.net, matloobh!yahoo.com
mgit-at:
	Christian Pointner: RothIOP!users.noreply.github.com, cpointner!mgit.at, wryanmedford!gmail.com
	Michael Gebetsroither: gebi!users.noreply.github.com, mgebetsroither!mgit.at
micro:
	595208882: 595208882!qq.com
	yu120: yu120!users.noreply.github.com
microcloud:
	O'meid: omeid!users.noreply.github.com, public!omeid.me, sdf611097!gmail.com
mindkeeper:
	florian.breisch: florian.breisch!mindkeeper.solutions
mindmatters:
	mitch000001: mitch000001!users.noreply.github.com until 2016-02-01
mirada plc:
	Oscar Morante: oscar.morante!mirada.tv
mister bk!:
	gregory.mazurek: gregory.mazurek!gmail.com
	jacob.mueller.elz: jacob.mueller.elz!gmail.com
mitchell.grice!polymathian.com Independent:
	mitch: mitch!gricey.net, until 2016-07-01
mitchell.grice!polymathian.com Polymathian:
	mitch: mitch!gricey.net, from 2016-07-01
mixi:
	Ryo Nakao: nakabonne!users.noreply.github.com, rodriguez.nak!gmail.com from 2018-06-01 until 2018-08-01
	bells17: bells17!users.noreply.github.com, bells171!gmail.com
	モハメド: fakhar.mohammad!mixi.co.jp
mixmaxhq:
	Trey Tacon: ttacon!gmail.com, ttacon!users.noreply.github.com
mixslice:
	Zeqing Zhang: zzq889!gmail.com, zzq889!users.noreply.github.com
mmm:
	Ralf Baechle: ralf!linux-mips.org
mmmm:
	Adrien Chardon: Nodraak!users.noreply.github.com, adrienchardon!mailoo.org
mnubo:
	Sebastien Coutu: sebastien.coutu!gmail.com, sebastienc!users.noreply.github.com
modernmsg:
	Aly Fulton: sinthetix!users.noreply.github.com
moexmen:
	Chiang Fong Lee: cflee!users.noreply.github.com, myself!cflee.net
moneymeets:
	Yury V. Zaytsev: yury!shurup.com from 2018-04-01
moov:
	Adam Shannon: adamdecaf!users.noreply.github.com, adamkshannon!gmail.com, galindero!gmail.com, support!afterlogic.com
moovel:
	Lim Chee Hau: ch33hau!gmail.com
	Magnus Kulke: mkulke!gmail.com, mkulke!users.noreply.github.com
	andiMenge: andiMenge!users.noreply.github.com
	blaynem-moovel: blaynem-moovel!users.noreply.github.com
	joovel: joovel!users.noreply.github.com
	marcobiedermann: marcobiedermann!users.noreply.github.com
	nellessen: nellessen!users.noreply.github.com
	niklas.baudy: niklas.baudy!vanniktech.de
	sunburntkamel: sunburntkamel!users.noreply.github.com
	vanniktech: vanniktech!users.noreply.github.com
motion.social:
	Justin Huff: jjhuff!mspin.net
move digital ag:
	Alin Sinpalean: alin-amana!users.noreply.github.com, alin.sinpalean!amanaadvisors.com, alin.sinpalean!gmail.com, free!users.noreply.github.com from 2016-11-01
msg:
	Steve Boardwell: steve.boardwell!datameer.com from 2015-12-01 until 2016-03-01
msg life:
	Gregor Plavčak: plavc!users.noreply.github.com from 2017-09-01
	plavc: gregor!plavcak.net from 2017-10-01
msg systems:
	Alexander Schwartz: ahus1!users.noreply.github.com, alexander.schwartz!gmx.net
mxxn:
	Blaž Hrastnik: archseer!users.noreply.github.com, blaz.hrast!gmail.com
mySociety:
	Chris Mytton: chrismytton!gmail.com, chrismytton!users.noreply.github.com
mytaxi:
	Clifford Sanders: clifford650!gmail.com from 2019-03-01
	jan-schumacher: jan-schumacher!users.noreply.github.com from 2015-07-01 until 2018-09-01
myvoya:
	Voyalab LLC: contact!voyalab.com
nCode:
	jorrit: jorrit!ncode.nl
	jorrit: jorrit!users.noreply.github.com
nVisium:
	Julien Dehee: prfalken!users.noreply.github.com
navabi:
	Ryan Zidago: 46972947+ryanzidago!users.noreply.github.com, ryanzidago!users.noreply.github.com from 2018-08-01 until 2018-12-01
nbn:
	Markus Ebenhoeh: markus!ebenhoeh.at from 2014-05-01 until 2014-06-01
nearForm:
	Christopher Najewicz: chief!beefdisciple.com, chiefy!users.noreply.github.com
	Jason Melo: gitjason!gmail.com, jason.melo!gmail.com
	LucaLanziani: LucaLanziani!users.noreply.github.com
	bridgear: bridgear!users.noreply.github.com from 2017-12-01 until 2018-11-01
	damien.feugas: damien.feugas!gmail.com
	dgonzalez: dgonzalez!users.noreply.github.com
	feugy: feugy!users.noreply.github.com
	hanochkal: hanochkal!gmail.com
	luca: luca!lanziani.com
	mt.harrison86: mt.harrison86!gmail.com
	mtharrison: mtharrison!users.noreply.github.com
	nathan.power: nathan.power!nearform.com
	nathanpower: nathanpower!users.noreply.github.com
	nodearth: nodearth!gmail.com
nesota Department of Veterans Affairs - Brain Sciences Cente:
	saifalharthi: saifalharthi!users.noreply.github.com from 2016-01-01 until 2016-06-01
nic.at:
	Dimitrij Klesev: dimitrij.klesev!nic.at, dklesev!users.noreply.github.com from 2018-04-01 until 2019-06-01
nifty:
	Yuya Kusakabe: yuya.kusakabe!gmail.com until 2016-07-01
novofactum:
	Nicolas Kaiser: nikai!nikai.net from 2017-09-01
npm:
	Zeke Sikelianos: zeke!sikelianos.com, zeke!users.noreply.github.com
	aearly: aearly!users.noreply.github.com from 2017-03-01
	ahmadnassri: ahmadnassri!users.noreply.github.com from 2019-05-01
	isaacs: isaacs!users.noreply.github.com
	kzm: kzm!sykosomatic.org from 2015-03-01 until 2019-07-01
	nexdrew: nexdrew!users.noreply.github.com from 2015-11-01 until 2017-02-01
	nlf: nlf!users.noreply.github.com from 2018-02-01
	othiym23: othiym23!users.noreply.github.com from 2014-04-01 until 2017-01-01
	zkat: zkat!users.noreply.github.com from 2015-06-01 until 2019-07-01
npower:
	george: george!wildecreations.co.uk from 2018-06-01 until 2019-03-01
	opa-updater-automation: opa-updater-automation!openpolicyagent.org from 2017-04-01 until 2018-09-01
ntes:
	Ian Huang: ian.d2d!qq.com, sweetIan!users.noreply.github.com
nthexam:
	anujjangra25119: anujjangra25119!gmail.com from 2018-06-01 until 2018-07-01
nudge:
	harkishensingh: harkishensingh!hotmail.com from 2019-08-01
nuvoPoint:
	larsstoettrup: larsstoettrup!gmail.com from 2015-08-01
nuxi:
	Ed Schouten: EdSchouten!users.noreply.github.com, ed!nuxi.nl from 2016-05-01
ocadotechnology:
	Jacek Suchenia: jacek.suchenia!gmail.com, jsuchenia!users.noreply.github.com
	Mike Bryant: mike!mikebryant.me.uk, mikebryant!users.noreply.github.com
	Olaf Szmidt: OlafSzmidt!users.noreply.github.com, szmidtolaf!gmail.com
	Piotr Kubowicz: piotr.kubowicz!gmail.com, pkubowicz!users.noreply.github.com
	Tomasz Prus: tomasz.prus!gmail.com, tomplus!users.noreply.github.com
	marwan.butrous: marwan.butrous!ocado.com
	peter.robinson: peter.robinson!ocado.com
	pmpfr: pmpfr!users.noreply.github.com
	r.cabrera: r.cabrera!ocado.com
	rubencabrera: rubencabrera!users.noreply.github.com
	tatarczyk.aleksander: tatarczyk.aleksander!gmail.com
oddEVEN:
	gion: gion!syncrea.ch from 2016-12-01 until 2017-10-01
	gion.kunz: gion.kunz!gmail.com from 2016-12-01 until 2017-10-01
olivier.debauche!umons.ac.be Bank of America Merrill Lynch:
	jrumandal: jrumandal!gmail.com, from 2019-05-01
olivier.debauche!umons.ac.be Dema:
	jrumandal: jrumandal!gmail.com, from 2017-01-01 until 2019-05-01
olivier.debauche!umons.ac.be Glo.Bu.S s.r.l.:
	jrumandal: jrumandal!gmail.com, from 2016-07-01 until 2016-08-01
olivier.debauche!umons.ac.be Independent:
	jrumandal: jrumandal!gmail.com, until 2016-07-01, from 2016-08-01 until 2017-01-01
openSUSE:
	Neal Gompa: ngompa13!gmail.com from 2015-10-01
opentargets:
	elipapa: elipapa!users.noreply.github.com
opsangeles.com:
	Lars Lehtonen: alrs!users.noreply.github.com, lars.lehtonen!gmail.com
optiopay:
	samuel.elborai: samuel.elborai!gmail.com
optobee:
	Ovanes Markaryan: om!dev.updatemachine.com, ovanes!users.noreply.github.com from 2016-10-01 until 2017-08-01
orijtech:
	Emmanuel Odeke: emm.odeke!gmail.com
	Emmanuel T Odeke: aprice2704!gmail.com, odeke!ualberta.ca, odeke-em!users.noreply.github.com
ottonova:
	Andreas Katzig: github!photono.de from 2016-12-01
oulu:
	pajunen: pajunen!synopsys.com
ovotech:
	George Crawford: g.o.crawford!gmail.com, georgecrawford!users.noreply.github.com
	cb372: cb372!users.noreply.github.com
	chris.birchall: chris.birchall!gmail.com
	liuyifeng8023: liuyifeng8023!foxmail.com
	robfraz: robfraz!users.noreply.github.com
owen.smith!d2l.com D2L:
	owen: owen!omsmith.ca,
owl.co:
	forivall: forivall!gmail.com from 2019-07-01
	jordan: jordan!klassen.me.uk from 2019-07-01
pachyderm:
	Derek Chiang (Enchi Jiang): derekchiang!users.noreply.github.com, derekchiang93!gmail.com, me!derekchiang.com
	msteffen: msteffen!users.noreply.github.com
	ysimonson: ysimonson!users.noreply.github.com
packagecloud.io:
	Joe Damato: ice799!gmail.com from 2014-06-01
pap.lorinc!gmail.com Crossover for Work:
	paplorinc: paplorinc!gmail.com, from 2017-04-01 until 2019-04-01
pap.lorinc!gmail.com Gradle:
	paplorinc: paplorinc!gmail.com, from 2019-04-01
pap.lorinc!gmail.com Independent:
	paplorinc: paplorinc!gmail.com, from 2015-12-01 until 2017-04-01
pap.lorinc!gmail.com Ullink:
	paplorinc: paplorinc!gmail.com, from 2014-07-01 until 2015-12-01
pap.lorinc!gmail.com Wolters Kluwer:
	paplorinc: paplorinc!gmail.com, until 2014-07-01
parsable:
	Sam Vilain: sam!vilain.net, samv!users.noreply.github.com from 2015-10-15 until 2017-02-15
patrick.kings!live.com BANDAI NAMCO:
	suguru.motegi: suguru.motegi!gmail.com, from 2017-09-01 until 2018-12-01
patrick.kings!live.com CyberAgent:
	suguru.motegi: suguru.motegi!gmail.com, until 2015-11-01
patrick.kings!live.com Independent:
	suguru.motegi: suguru.motegi!gmail.com, from 2015-11-01 until 2016-04-01, from 2016-10-01 until 2017-09-01
patrick.kings!live.com This Game Studio:
	suguru.motegi: suguru.motegi!gmail.com, from 2018-12-01
patrick.kings!live.com Vidao Messenger:
	suguru.motegi: suguru.motegi!gmail.com, from 2016-04-01 until 2016-10-01
pebble:
	Okash Khawaja: okash.khawaja!gmail.com until 2014-08-01
peiker:
	Saravanan Sekar: sravanhome!gmail.com from 2018-01-01
phone-io:
	Nate Armstrong: narmstrong!instructure.com, natearmstrong2!gmail.com from 2015-09-01 until 2016-01-01
photographer:
	Yann E. MORIN: yann.morin.1998!free.fr from 2015-06-01 until 2016-12-01
pi4_robotics:
	Torsten Schenk: torsten.schenk!zoho.com
pine:
	kxxoling: kxxoling!gmail.com
pingcap&hust:
	zyh-hust: zyh-hust!users.noreply.github.com
policygenius:
	Miles Fricker: miles-!users.noreply.github.com, miles.fricker!gmail.com
postmates:
	Joseph Glanville: josephglanville!users.noreply.github.com, jpg!jpg.id.au
	colinschoen: colinschoen!users.noreply.github.com
	davemurphysf: davemurphysf!users.noreply.github.com
	licx: licx!users.noreply.github.com
precogs:
	vladvasiliu: vladvasiliu!users.noreply.github.com until 2015-03-01
pressapps:
	nabil: nabil!kadimi.com until 2015-03-01
pronix:
	dima: aanand.prasad!gmail.com, pronix!users.noreply.github.com, pronix.service!gmail.com
pusher:
	Joel Speed: JoelSpeed!users.noreply.github.com, joel.speed!hotmail.co.uk
	brad: brad!bendyworks.com
	listrophy: listrophy!users.noreply.github.com
qmedia:
	Steffen Hanikel: hanikesn!users.noreply.github.com, steffen.hanikel!gmail.com from 2014-02-15 until 2015-02-15
quaponatech:
	Sascha Grunert: mail!saschagrunert.de
quinncia:
	Babajide Fowotade: jide.b.tade!gmail.com, jihdeh!users.noreply.github.com
qvitoo:
	Henrik Feldt: haf!users.noreply.github.com, henrik!logibit.se
rOpenSci:
	Scott Chamberlain: myrmecocystus!gmail.com, sckott!users.noreply.github.com from 2014-08-01
rabe.io:
	felix: felix!rabe.io from 2015-03-01
ravello:
	Shmulik Ladkani: shmulik.ladkani!gmail.com from 2015-03-01 until 2016-11-01
reBuy:
	Björn Häuser: bjoernhaeuser!gmail.com, bjoernhaeuser!users.noreply.github.com
	der-eismann: der-eismann!users.noreply.github.com from 2018-11-01
realzeit:
	Robert Vollmert: rfvollmert!gmail.com, robx!users.noreply.github.com from 2014-11-01 until 2017-02-01
recruit-mp:
	Naoki Ainoya: 2300438+ainoya!users.noreply.github.com, ainonic!gmail.com, ainoya!users.noreply.github.com until 2018-09-30
redBorder:
	Ana Rey: anarey!gmail.com from 2015-10-01 until 2016-10-01
	Angel M De Miguel: angel!bitnami.com from 2014-06-01 until 2016-05-01
	Carlos Rodríguez Hernández: carrodher!users.noreply.github.com, carrodher1179!gmail.com, crhernandez!bitnami.com until 2016-06-01
	Ángel M: angelmmiguel!users.noreply.github.com from 2014-06-01 until 2016-05-01
redtoo ag:
	Andrey Arapov: andrey.arapov!nixaid.com, arno01!users.noreply.github.com until 2015-06-15
rho:
	Hugo Fonseca: 1098293+fonsecas72!users.noreply.github.com from 2019-03-01
ricardo.ch:
	Salvatore Mazzarino: dev!mazzarino.cz, mazzy89!users.noreply.github.com from 2018-02-01 until 2018-11-01
rickhanlonii!fb.com Facebook:
	rickhanlonii: rickhanlonii!gmail.com,
rndity:
	Adam Podogrocki: adam.podogrocki!rndity.com, apodogrocki!users.noreply.github.com from 2016-01-01
rspective:
	pawelrychlik: pawelrychlik!users.noreply.github.com from 2015-09-01 until 2016-01-01
rstorcloud:
	Rober Morales-Chaparro: rober.morales!gmail.com, rober.morales!rstor.io, robermorales!users.noreply.github.com
rtCamp:
	Arush Salil: arush-sal!users.noreply.github.com, me!aru.sh
s IT Solutions:
	Toni Schmidbauer: toni!stderr.at
s.c.knox!gmail.com GitLab:
	psimyn: psimyn!gmail.com,
s1network:
	lsowen: lsowen!s1devops.com, lsowen!s1network.com, lsowen!users.noreply.github.com
safework:
	Mark Cola: m.cola!tlrg.com.au, mark!doomsdaytuna.com, markacola!users.noreply.github.com
salestock:
	Bayu Aldi Yansyah: bayualdiyansyah!gmail.com, pyk!users.noreply.github.com
	adeyahya: adeyahya!users.noreply.github.com
	adeyahyaprasetyo: adeyahyaprasetyo!gmail.com
	alamsz: alamsz!users.noreply.github.com
	mistikel: mistikel!users.noreply.github.com
saloon.io:
	hello: hello!philippspiess.com from 2016-11-01 until 2016-12-01
	pengxiaolong: pengxiaolong!camera360.com from 2016-11-01 until 2016-12-01
	philipp-spiess: philipp-spiess!users.noreply.github.com from 2016-10-01 until 2016-11-01
saltation:
	Björn Steinbrink: b.steinbrink!gmx.de
scutech:
	wenzhixin2010: wenzhixin2010!gmail.com
se-instruments:
	Rob Landley: rob!landley.net
shoeless consulting:
	VM Brasseur: github!vmbrasseur.com, vmb!juniper.net, vmbrasseur!users.noreply.github.com from 2017-03-01 until 2018-11-01
shopspring:
	Victor Quinn: mail!victorquinn.com, victor!knotel.com, victorquinn!users.noreply.github.com
shunneng:
	AnJia: anjia0532!gmail.com, anjia0532!users.noreply.github.com
simia.tech UG:
	Philipp Brüll: bruell!simiatech.com
simon.ihmig!kaliber5.de kaliber5:
	ihmig: ihmig!kaliber5.de,
simpligility:
	Manfred Moser: manfred!simpligility.com until 2016-11-01
sina weibo:
	923976094: 923976094!qq.com
sj925.lee!samsung.com Samsung:
	sjlee: sjlee!mail.com,
sj925.lee!samsung.com Samsung Electronics:
	sjlee: sjlee!mail.com, from 2021-01-17
sky-uk:
	Ashraf-Ali-aa: Ashraf-Ali-aa!users.noreply.github.com
	Luke Wood: luke!lwood.me.uk, lw346!users.noreply.github.com
	LukeHackett: LukeHackett!users.noreply.github.com
	Mark Tickner: marktickner!users.noreply.github.com
	Paul Leathwood: paul.leathwood!sky.uk, ple16!users.noreply.github.com
	Reece Arratoonian-Walker: reece.arratoonianwalker!gmail.com, reeceaw!users.noreply.github.com
	ScottGuymer: ScottGuymer!users.noreply.github.com
	Shantur Rathore: shantur.rathore!gmail.com
	Tickner, Mark: mark.tickner!sky.uk
	adamnoakes: adamnoakes!users.noreply.github.com
	d_sale: d_sale!icloud.com
	eggsbenjamin: eggsbenjamin!users.noreply.github.com
	grecuionut: grecuionut!users.noreply.github.com
	grounzero: grounzero!users.noreply.github.com
	idoru78: idoru78!users.noreply.github.com
	luke: luke!lukewhitehouse.co.uk
	lukewhitehouse: lukewhitehouse!users.noreply.github.com
	mariomc: mariomc!users.noreply.github.com
	nickrobertssky: nickrobertssky!users.noreply.github.com
	saley89: saley89!users.noreply.github.com
	theangrydev: theangrydev!users.noreply.github.com
slackbot:
	Jarred Trainor: aeriff!users.noreply.github.com, me!jarred.com.au
sloppy:
	jzaefferer: jzaefferer!users.noreply.github.com from 2015-05-01
snowp:
	square: square!users.noreply.github.com
softlynx:
	softkot: softkot!gmail.com
solo.io:
	Mitch Kelley: mitch.kelley!solo.io from 2018-06-01
sonostream.tv:
	hello: hello!philippspiess.com from 2015-06-01 until 2016-10-01
	pengxiaolong: pengxiaolong!camera360.com from 2015-06-01 until 2016-10-01
	philipp-spiess: philipp-spiess!users.noreply.github.com from 2016-11-01 until 2016-12-01
sophilabs:
	lasesteban: lasesteban!gmail.com until 2015-11-01
	sebaest77: sebaest77!gmail.com until 2015-11-01
sourceclear:
	VanessaHenderson: VanessaHenderson!users.noreply.github.com
spotahome:
	apehead: apehead!users.noreply.github.com
	javespalf: javespalf!gmail.com
	javespi: javespi!users.noreply.github.com
spoud.io:
	Adrian Fedoreanu: adrian.fedoreanu!gmail.com, phedoreanu!users.noreply.github.com from 2018-03-01
ssksoft:
	Alexander Leshkin: alexander.leshkin!gmail.com
startup:
	Nicola Paoli: 31096144+nicolapaoli!users.noreply.github.com, nicolapaoli!users.noreply.github.com from 2017-11-01 until 2018-01-01
	lavahot: lavahot!gmail.com from 2015-07-01 until 2016-05-01
	miguelmota2: miguelmota2!gmail.com from 2017-11-01 until 2018-06-01
	othiym23: othiym23!users.noreply.github.com from 2018-03-01 until 2018-10-01
startupendorphins:
	pawelrychlik: pawelrychlik!users.noreply.github.com from 2014-09-01 until 2015-09-01
startuphero.es:
	Cemalettin Koc: cemalettin.koc!gmail.com, cemo!users.noreply.github.com from 2016-04-15
stb!satybald.com GreenApple:
	sayatez: sayatez!gmail.com,
student.com:
	ValFadeev: valentin.fadeev!student.com
supernode:
	Antti Kupila: akupila!gmail.com, akupila!users.noreply.github.com
syncrea:
	gion: gion!syncrea.ch from 2018-12-01
	gion.kunz: gion.kunz!gmail.com from 2018-12-01
sysmocom:
	Harald Welte: laf0rge!users.noreply.github.com, laforge!gnumonks.org
systemli.org:
	louis: louis!systemli.org
t2cloud:
	Leo Zhang: nguzcf!gmail.com
	chenze: chenze!t2cloud.net
	chinabjalex: chinabjalex!gmail.com
	coolias.lj: coolias.lj!gmail.com
	fengbeihong: fengbeihong!gmail.com
	hantim.lin: hantim.lin!gmail.com
	hhktony: hhktony!gmail.com
	liao.zd: liao.zd!gmail.com
	liao_zd: liao_zd!hotmail.com
	liaozhuodi: liaozhuodi!t2cloud.net
	linbing: hawkerous!gmail.com, linbing!t2cloud.net
	linhanchen: linhanchen!t2cloud.net
	qitianbiao: qitianbiao!gmail.com
	qitianbiao: qitianbiao!t2cloud.net
	shidonghao: shidonghao!t2cloud.net
	sunluning: sunluning!t2cloud.net
	tian694293774: tian694293774!gmail.com
	tianjie: tianjie!t2cloud.net
	wujian: wujian!t2cloud.net
	xiechao: xiechao!t2cloud.net
	xutao: xutao!t2cloud.net
	zackchen517: zackchen517!gmail.com
	zhangchengfei: zhangchengfei!t2cloud.net
tado:
	Gautier Seidel: GautierAtWork!users.noreply.github.com, gautier.seidel!tado.com from 2016-09-01
	Matthias Boesl: matthias.boesl!gmail.com from 2014-12-01
taitbrown!gmail.com Blitz Bureau:
	damien.carol: damien.carol!gmail.com, until 2015-07-01
taitbrown!gmail.com Enablon:
	damien.carol: damien.carol!gmail.com, from 2019-02-01
taitbrown!gmail.com Independent:
	damien.carol: damien.carol!gmail.com, from 2018-04-01 until 2019-02-01
taitbrown!gmail.com Oyst:
	damien.carol: damien.carol!gmail.com, from 2017-03-01 until 2018-04-01
taitbrown!gmail.com SlimPay:
	damien.carol: damien.carol!gmail.com, from 2015-07-01 until 2017-03-01
tajawal:
	m_ma7med: m_ma7med!hotmail.com from 2018-01-01 until 2018-08-01
takealot:
	Stephan van Ellewee: mark!matyas.dev, mynameistechno!users.noreply.github.com, stephan.van.ellewee!gmail.com
talent::digital:
	Andre Eickler: andre.eickler!cumulocity.com from 2019-08-01
taskit:
	Christian Glindkamp: christian.glindkamp!taskit.de
taudac:
	Sergej Sawazki: sergej!taudac.com
tcp cloud:
	6du1ro.n: 6du1ro.n!gmail.com
	Petr Michalec: epcim!apealive.net, epcim!users.noreply.github.com from 2016-05-31 until 2016-10-31
	a.komarek: a.komarek!tcpcloud.eu
	a.tengler: a.tengler!tcpcloud.eu
	adam.tengler: adam.tengler!tcpcloud.eu
	alena.holanova: alena.holanova!tcpcloud.eu
	ales.komarek: ales.komarek!newt.cz
	ales.komarek: ales.komarek!tcpcloud.eu
	daneel23: daneel23!atlas.cz
	filip: filip!pytloun.cz
	filip.pytloun: filip.pytloun!tcpcloud.eu
	holanova.al: holanova.al!gmail.com
	j.pavlik: j.pavlik!tcpcloud.eu
	jakub.pavlik: jakub.pavlik!tcpcloud.eu
	jan.kaufman: jan.kaufman!tcpcloud.eu
	jan.kaufman909: jan.kaufman909!gmail.com
	jiri.konecny: jiri.konecny!tcpcloud.eu
	liquid: liquid!nano.cz
	m.celoud: m.celoud!tcpcloud.eu
	m.kuty: m.kuty!tcpcloud.eu
	mail: mail!majklk.cz
	mail: mail!newt.cz
	marek.celoud: marek.celoud!tcpcloud.eu
	michael.kuty: michael.kuty!tcpcloud.eu
	ondrej.smola: ondrej.smola!tcpcloud.eu
	pavel.cizinsky: pavel.cizinsky!seznam.cz
	pavel.cizinsky: pavel.cizinsky!tcpcloud.eu
	pavlk.jakub: pavlk.jakub!gmail.com
	petr.michalec: petr.michalec!gmail.com from 2016-05-31 until 2016-10-31
	petr.michalec: petr.michalec!tcpcloud.eu from 2016-05-31 until 2016-10-31
	petr_michalec: petr_michalec!cz.ibm.com from 2016-05-31 until 2016-10-31
	pmichalec: pmichalec!mirantis.com from 2016-05-31 until 2016-10-31
	tuxstarcraft: tuxstarcraft!gmail.com
	v.mikes: v.mikes!tcpcloud.eu
	vlastimil.mikes: vlastimil.mikes!tcpcloud.eu
teenage engineering:
	Jacob Siverskog: jacob!teenage.engineering
teuto.net Netzdienste GmbH:
	brolga: brolga!users.noreply.github.com
	teuto.net Netzdienste GmbH: github!teuto.net, info!teuto.net
	Özgür Caner: oc!teuto.net
textioHQ:
	fraziermork: fraziermork!users.noreply.github.com
the Fenway:
	jasonetco: jasonetco!github.com until 2014-08-01
thePlatform:
	Tim Wilfong: tim!wilfong.me, twilfong!users.noreply.github.com until 2016-10-01
thepracticalsysadmin:
	Josh Reichardt: 745076680!qq.com, bukhradze.b!hotmail.com, jmreicha!users.noreply.github.com, josh.reichardt!gmail.com until 2019-05-01
think tank:
	Mohamed Chiheb Ben Jemaa: mc.benjemaa!gmail.com, medmedchiheb!users.noreply.github.com from 2018-10-01
thinkstep:
	kulke: magnus.kulke!thinkstep.com
tick42:
	boyskila: boyskila!users.noreply.github.com
timanetworks:
	chao.xu: chao.xu!timanetworks.com
titicacadev:
	Mark Lee: code0x9!gmail.com
	mark: code0x9!users.noreply.github.com, mark!titicaca-corp.com
topfreegames:
	Duerno: Duerno!users.noreply.github.com
	Felipe Cavalcanti: felipejfc!users.noreply.github.com, fjfcavalcanti!gmail.com
	Guilherme Oki: guilherme.oki!tfgco.com, guilhermeoki!users.noreply.github.com
	Henrique Rodrigues: henrod!users.noreply.github.com
	andrehp: andrehp!users.noreply.github.com
travel audience travel audience:
	albertocsm: albertocsm!users.noreply.github.com from 2018-02-01 until 2018-11-01
treasure-data:
	Dai MIKURUBE: dmikurube!acm.org, dmikurube!users.noreply.github.com
	Shinichi Ishimura: kamatama41!users.noreply.github.com, shiketaudonko41!gmail.com
	chezou: chezou!gmail.com
	chezou: chezou!users.noreply.github.com
	chrisjaure: chrisjaure!gmail.com
	chrisjaure: chrisjaure!users.noreply.github.com
	takuti: takuti!users.noreply.github.com
tretau.net:
	Torben Tretau: torben!tretau.net, ttretau!users.noreply.github.com
tretton37:
	Patrik Falk: patrik!patrikfalk.com from 2018-06-01 until 2018-12-01
trivago:
	Richard Fussenegger: fleshgrinder!users.noreply.github.com from 2015-07-01 until 2019-01-01
truvid:
	Oran Moshai: 12291998+oranmoshai!users.noreply.github.com from 2014-10-01 until 2016-05-01
tura.io:
	poopoothegorilla: poopoothegorilla!users.noreply.github.com from 2017-11-01 until 2018-11-01
twitch.tv:
	Mike Lyons: mrlyons!gmail.com, mylons!users.noreply.github.com
uAfrica:
	Johan Meiring: johanmeiring!gmail.com from 2015-06-01
uDesk:
	Xinhai Wang: XinhaiWang!users.noreply.github.com, hxin.wang!yahoo.com from 2017-04-01 until 2017-11-01
uHoo:
	harunurhan17: harunurhan17!gmail.com from 2015-08-01 until 2015-09-01, from 2015-12-01 until 2016-01-01
uMx:
	Fabian Rindlisbacher: 38203848+fabianrindlisbacher!users.noreply.github.com from 2018-07-01 until 2019-08-01
uShip:
	Kevin Miller: KevM!users.noreply.github.com, crazyacking!gmail.com, jbkunst!gmail.com, scoundrel!gmail.com
uStudio:
	Alex Tanton: tantona!gmail.com, tantona!users.noreply.github.com
uSwitch:
	Joseph-Irving: Joseph-Irving!users.noreply.github.com, joseph.irving500!gmail.com from 2017-09-01
	Naadir Jeewa: jeewan!vmware.com, naadir!randomvariable.co.uk, naadir!scalefactory.com, njeewa!heptio.com until 2015-07-01
	Ragnar Dahlén: r.dahlen!gmail.com, ragnard!users.noreply.github.com
	sambroughton: sambroughton!gmail.com from 2018-06-01 until 2018-11-01
uberous:
	Jeroen Visser: jeroenvisser101!users.noreply.github.com
uc3m:
	Alberto Cortés: alcortesm!gmail.com, alcortesm!users.noreply.github.com until 2015-09-01
unblu:
	Jeremie Bresson: dev!jmini.fr, jeremie.bresson!unblu.com, jmini!users.noreply.github.com from 2018-01-01
ungi:
	Denis Pithon: denis.pithon!gmail.com
unifysell:
	cstaud: cstaud!users.noreply.github.com from 2017-11-01 until 2019-06-01
united-domains:
	boban.acimovic: boban.acimovic!gmail.com until 2015-07-01
	boban.acimovic: boban.acimovic!syncier.com until 2015-07-01
unu:
	David Rubin: davidrub!gmail.com, drubin!users.noreply.github.com from 2017-05-01 until 2018-10-01
uri!urishaked.com BlackBerry:
	uri: uri!salsa4fun.co.il, until 2018-11-01
uri!urishaked.com VoiceOn:
	uri: uri!salsa4fun.co.il, from 2018-11-01
vente-privee devient Veepee:
	clement: clement!meilisearch.com from 2017-01-01 until 2018-08-01
	renault.cle: renault.cle!gmail.com from 2017-01-01 until 2018-08-01
veritone:
	Marc Tamsky: tamsky!users.noreply.github.com
	SteveShaffer: SteveShaffer!users.noreply.github.com
	watchstevedrum: watchstevedrum!gmail.com
versionpress:
	Borek Bernard: borekb!gmail.com, borekb!users.noreply.github.com
vimond:
	Olve Sæther Hansen: olve!vimond.com
	dag.viggo: dag.viggo!lokoen.org
	dagvl: dagvl!users.noreply.github.com
	fiskeben: fiskeben!users.noreply.github.com
	ricco: ricco!apparat.no
vimov:
	Ahmed El-Gamil: ahmed!manhag.org until 2014-06-01
vipshop:
	deep011: deep011!users.noreply.github.com
	hobbes.lee: hobbes.lee!gmail.com
	hobbeslee: hobbeslee!users.noreply.github.com
	matt: matt!mattvanandel.com
	tprayers: tprayers!gmail.com
	wu8685: optimuswu8685!gmail.com, wu8685!users.noreply.github.com
viralkitty:
	Zachary Adam Kaplan: razic!users.noreply.github.com, razic!viralkitty.com
virtualop:
	Philipp T: philippt!users.noreply.github.com
volleylabs:
	Patrick Flor: git.push.origin!gmail.com, senorflor!users.noreply.github.com
	malcolmgreaves: malcolmgreaves!users.noreply.github.com
voxelbrain:
	Sebastian Friedel: sebastian!civist.com, sfriedel!users.noreply.github.com
vpop.net:
	Matt Reimer: mreimer!vpop.net
vsmenon!gmail.com NotFound:
	vsm: vsm!google.com,
vuzii:
	Nikolas: nikolas.burk!gmail.com from 2015-12-01 until 2016-02-01
vwd:
	Milian Reichardt: mreichardt95!gmail.com, mreichardt95!users.noreply.github.com from 2015-09-01
webgains:
	Victor Unegbu: github!victorunegbu.com, victor!unegbu.com, victoru!users.noreply.github.com
wecash:
	ermazi: ermazi!users.noreply.github.com
wehkamp:
	Arjan Molenaar: amolenaar!users.noreply.github.com, ericschlichting!gmail.com, gaphor!gmail.com from 2016-02-01 until 2018-02-01
	Jeroen Idserda: jeroen.idserda!gmail.com from 2018-01-01
	philippus: philippus!gmail.com from 2016-09-01
wellcometrust:
	Alex Chan: alex!alexwlchan.net, alex.chan!metaswitch.com, alexwlchan!users.noreply.github.com
	a.chan: a.chan!wellcome.ac.uk
wfarr systems:
	Will Farrington: wcfarrington!gmail.com
whatchado:
	mbertschler: mbertschler!gmail.com, mbertschler!users.noreply.github.com
wikiwi:
	Chi Vinh Le: cvl!winged.kiwi
winhong:
	wangyy: wangyy!winhong.com
	yuyangwang1985: yuyangwang1985!gmail.com
wissenswerft:
	Björn Hurling: hurling83!gmail.com until 2015-10-01
wix.com:
	Gregory Man: gregory-m!users.noreply.github.com, man.gregory!gmail.com
wohnungshelden:
	Thomas Kieffer: thomaskieffer!web.de from 2018-10-01
woorank:
	Bruno: bruno!woorank.com
workday:
	Jamie Starke: git!jamiestarke.com, github!jamiestarke.com, me!derekdowling.com
	alvinqle: alvinqle!users.noreply.github.com
	anton-haldin: anton-haldin!users.noreply.github.com
	anton.haldin: anton.haldin!gmail.com
wywy:
	Dario Blanco: darioblanco!users.noreply.github.com, dblancoit!gmail.com from 2014-01-01 until 2016-02-01
x-ion:
	mitch000001: mitch000001!users.noreply.github.com from 2019-07-01
xCal:
	Cristian Sicilia: sicilia.cristian!gmail.com from 2018-06-01
xyzmo:
	Sonja Chèvre: sonja.chevre!gmail.com until 2014-08-01
yapp.pt:
	João Luís: jrluis!gmail.com until 2015-01-01
yidianzixun:
	xingnailu201206: xingnailu201206!163.com
yunify:
	magicsong: MagicSong!users.noreply.github.com, magicsong!yunify.com
yxli:
	Yongxin Li: liyongxin!users.noreply.github.com, yxli!alauda.io
zalog:
	c: c!zalog.ro until 2018-08-01
	xxxxxcata: xxxxxcata!yahoo.com until 2018-08-01
zbj.com:
	旷淇元: me!simonkuang.com, simonkuang!users.noreply.github.com
zcwang!thoughtworks.com ThoughtWorks:
	asnowwolf: asnowwolf!gmail.com,
zju:
	18842686459: 18842686459!163.com
	Qinglan Peng: pengqinglan!users.noreply.github.com, qinglan.peng!hotmail.com, qinglanpeng!zju.edu.cn
	liumingming123: liumingming123!users.noreply.github.com
zlabjp:
	Tomoya Usami: hiyosi!users.noreply.github.com, tousami!zlab.co.jp
znly:
	Quentin Perez: QuentinPerez!users.noreply.github.com, qperez42!gmail.com
	clmssz: clmssz!users.noreply.github.com
	daedric: daedric!users.noreply.github.com
zoobab:
	Benjamin Henrion: zoobab!gmail.com, zoobab!users.noreply.github.com
zvelo:
	Joshua Rubin: joshuarubin!users.noreply.github.com, jrubin!zvelo.com
Åhléns AB:
	kevva: kevva!users.noreply.github.com from 2016-12-01 until 2018-08-01
École Polytechnique de Montréal:
	Suchakra Sharma: suchakra!gmail.com until 2017-02-01
École de technologie supérieure:
	Michael Faille: michael!faille.io, mikefaille!users.noreply.github.com from 2014-09-15 until 2016-01-15
École pour l'Informatique et les Techniques Av:
	Etienne: etienne.leprette!advantys.com from 2015-08-01 until 2017-12-01
Énergie Valero:
	dubuc: coldpixel!gmail.com, dubuc!users.noreply.github.com from 2015-09-01 until 2016-01-01
Érudit:
	Philippe Dagenais: pgdagenais!gmail.com, pgdagenais!users.noreply.github.com from 2015-12-01 until 2017-09-01
Брайтком:
	v.dlugopolskaya: v.dlugopolskaya!gmail.com until 2014-11-01
ГК "Финансовые Информационные Системы:
	v.dlugopolskaya: v.dlugopolskaya!gmail.com from 2015-03-01 until 2016-09-01
Жуков и Архангельский:
	trysound: trysound!users.noreply.github.com
Красное и белое:
	Andrey Panin: pazke!donpac.ru from 2017-12-01
	Dennis Munsie: dmunsie!cecropia.com until 2016-02-01
МТС:
	Aleksey Zhukov: alex!izhukov.ru, izhukov!users.noreply.github.com
НГС:
	Ilya Saulenko: hi!mynameiswhm.ru, mynameiswhm!users.noreply.github.com
НГС.ТЕХНОЛОГИИ (NGS.RU):
	Maxim Snezhkov: m.snezhkov!gmail.com, maximsnezhkov!users.noreply.github.com from 2018-07-01
НИИ АА:
	Alexander Chumakov: bestak47!gmail.com, delfer!users.noreply.github.com, jason!jasonho.tk
ОАО ТриА:
	Antony Pavlov: antonynpavlov!gmail.com
ООО «Белфортекс»:
	aliaksei: aliaksei!inspectorio.com until 2015-01-01
	mim: mim!mim.pw until 2015-01-01
	mimworkmail: mimworkmail!gmail.com until 2015-01-01
ООО Фирма АНКАД:
	Ilya Tagunov: tagunil!gmail.com, tagunil!users.noreply.github.com
Росбезопасность:
	Serge Semin: fancer.lancer!gmail.com
СИБРУС:
	Vasily Kulikov: segoon!openwall.com from 2015-06-01
ТЭЦ-2:
	Timofey Titovets: Nefelim4ag!users.noreply.github.com, nefelim4ag!gmail.com until 2015-02-01
Технологика:
	Ilya Lobkov: lobkovilya!users.noreply.github.com, lobkovilya!yandex.ru from 2017-09-01 until 2018-02-01
Ттц останкино:
	omitina: olesia.mitina!smartbear.com from 2015-01-01
ЦИАН ГРУПП:
	Vyacheslav Slinko: vyacheslav.slinko!gmail.com from 2016-02-01
Центр информационных технологий:
	Mikhail Konovalov: mskonovalov!gmail.com, mskonovalov!users.noreply.github.com until 2015-03-01
Эвотор:
	Denis Mikhaylov: notxcain!gmail.com, notxcain!users.noreply.github.com from 2017-09-01
нет:
	xxsmotur: xxsmotur!gmail.com from 2018-12-01
الصحيفة الآقتصادية:
	Yaser Alraddadi: gam-phon!users.noreply.github.com until 2014-06-15
✕✕✕✕✕:
	Peter Bourgon: peter!bourgon.org
うんこ:
	Akihiro Harai: harai!users.noreply.github.com, jharai0815!gmail.com
アイランド株式会社:
	ikasam_a: espipj!gmail.com, masaki.nakagawa!gmail.com from 2016-06-01
カブク:
	keisuke oohashi: keisuke.oohashi!gmail.com
スーパーソフトウエア:
	Ken Fukuyama: kenfdev!gmail.com, kenfdev!users.noreply.github.com until 2018-09-01
上海易路软件有限公司:
	Rogan: quangenw!gmail.com
上海诺基亚贝尔股份有限公司:
	33822635+zwwhdls: 33822635+zwwhdls!users.noreply.github.com from 2017-06-01 until 2017-11-01
中佑:
	colin: colin1124x!gmail.com, colindev!users.noreply.github.com
中兴通讯股份有限公司:
	Tim Zhang: zhangxiaoyu-zidif!users.noreply.github.com, zxysjtu!gmail.com from 2014-03-01 until 2018-06-01
中科曙光信息技术有限公司:
	Zhao Xiaojie: LinuxSuRen!users.noreply.github.com, zxjlwt!126.com until 2015-02-01
中科院计算技术研究所:
	Connor: Connor1996!users.noreply.github.com, zbk602423539!gmail.com until 2017-06-01
云汉芯城（上海）互联网科技股份有限公司:
	lzdzel: lzdzel!gmail.com from 2015-07-01 until 2016-09-01
	xiao.zhang: xiao.zhang!daocloud.io from 2015-07-01 until 2016-09-01
互联网企业:
	zhaozhiming: zhaozhiming003!gmail.com from 2015-05-01
亚信科技 AsiaInfo:
	yaxinlx: liuxu!asiainfo.com, yaxinlx!users.noreply.github.com
优维科技(深圳)有限公司:
	i: i!jhuang.me from 2017-02-01 until 2019-04-01
倫理的に妥当な箱:
	cho45: cho45!lowreal.net
凯京科技:
	guoxudong: guoxudong!keking.cn, sunny0826!users.noreply.github.com, sunnydog0826!gmail.com
北京大学人民医院:
	Kevin Hao: haokexin!gmail.com
北京天威诚信电子商务服务有限公司:
	samuel shan: shm.shan!gmail.com
北京奥格睿码科技有限公司:
	i: i!jhuang.me until 2017-02-01
北京惠祥和科技有限公司:
	shuoranliu: shuoranliu!gmail.com from 2014-11-01 until 2015-09-01
北京融易通信息技术有限公司:
	madk: luc.mdk!gmail.com, peonone!users.noreply.github.com until 2015-03-01
嘀嗒出行:
	Xinhai Wang: XinhaiWang!users.noreply.github.com, hxin.wang!yahoo.com from 2017-11-01
堆糖:
	Wangweizhen: hawking.rei!gmail.com, hawkingrei!users.noreply.github.com, me!hawkingrei.com from 2016-06-01 until 2018-01-01
大象机器人 Elephant Robotics:
	Leonid V. Fedorenchik: leonidsbox!gmail.com from 2017-09-01
天津南大通用数据技术股份有限公司:
	Changli Gao: xiaosuo!gmail.com from 2014-03-01 until 2015-03-01
奇虎360:
	Ri Xu: xuri.me!gmail.com
学堂在线:
	huangsuoyuan: huangsuoyuan!gmail.com, huangsuoyuan!users.noreply.github.com from 2016-08-01 until 2017-06-01
实地地产:
	woosley.xu: woosley!users.noreply.github.com, woosley.xu!gmail.com from 2017-08-01 until 2017-12-01
徳を積む:
	catatsuy: catatsuy!catatsuy.org
快仓:
	Jianyu Zhan: nasa4836!gmail.com from 2019-01-01
株式会社アニメイトラボ:
	Yamagishi Kazutoshi: ykzts!desire.sh, ykzts!users.noreply.github.com
株式会社キャレオ:
	inductor: inductor!users.noreply.github.com from 2015-02-01 until 2016-06-01
株式会社ソウゾウ:
	vvakame+dev: vvakame+dev!gmail.com from 2017-09-01 until 2018-03-01
株式会社テクノモバイル:
	d-kuro: d-kuro!users.noreply.github.com, kurosawa7620!gmail.com from 2017-04-01 until 2018-02-01
株式会社ドヴァ:
	najeira: najeira!gmail.com
欢聚时代:
	Sophos: hnlq.sysu!gmail.com, hnlq715!qq.com, hnlq715!users.noreply.github.com
民生科技:
	xiaorui.zou: xiaorui.zou!gmail.com from 2019-05-01
江苏海隆软件技术有限公司:
	Tim Zhang: zhangxiaoyu-zidif!users.noreply.github.com, zxysjtu!gmail.com until 2014-03-01
波罗蜜:
	lxneng: lxneng!gmail.com from 2015-10-01
深圳睿云智合科技有限公司:
	Alex Zhu: zhenyan.zhu2!wework.com, zzhu2!users.noreply.github.com from 2016-04-01
环球市场:
	liyanhui1228: liyanhui1228!users.noreply.github.com from 2014-07-01 until 2014-09-01
生意专家:
	lzdzel: lzdzel!gmail.com from 2016-09-01 until 2017-12-01
	xiao.zhang: xiao.zhang!daocloud.io from 2016-09-01 until 2017-12-01
社会大学:
	pigletfly: pigletfly!users.noreply.github.com, wangbing.adam!gmail.com
豆瓣:
	Limbo Peng: iwinux!gmail.com, iwinux!users.noreply.github.com
重搏国际:
	stevemao: stevemao!users.noreply.github.com
风河软件研发（北京）有限公司:
	shuoranliu: shuoranliu!gmail.com until 2014-11-01
饿了么:
	draveness: Draveness!users.noreply.github.com, i!draveness.me from 2016-01-01 until 2016-10-01
	jgzhu: nl.martian!gmail.com from 2016-03-01
스마일게이트:
	9to6: 9to6!users.noreply.github.com, ktk0011!gmail.com, ktk0011+dev!gmail.com
패스트캠퍼스:
	Geosung Lee: buo!users.noreply.github.com, github!arar.io
