10clouds -> 10clouds
10up -> 10up
17media -> 17media
2gis -> 2GIS
42 -> 42
7th Heaven, Inc -> 7th Heaven
Aberystwyth University -> Independent
Accelerant Mobile Corp. -> Accelerant Mobile Corp
Accenture -> Accenture
Activision -> Activision
AdapTech Solutions Ltd. -> AdapTechSolutions.net
AddThis | Oracle -> Oracle
adessoag -> adesso AG
Adobe -> Adobe
Ahead4 -> Ahead4 Limited
Akamai Technologies -> Akamai Technologies
Alauda -> Alauda
alfresco -> alfresco
Alibaba Group -> Alibaba
AllCloud -> AllCloud
Allen Institute for Artificial Intelligence -> Allen Institute for Artificial Intelligence
ALO7 -> ALO7 爱乐奇
ALTA Language Services, Inc -> ALTA Language Services
Amadeus SAS -> Amadeus
Amadeus sas -> Amadeus
Amazon -> Amazon
Amazon Web Services -> Amazon
Amazon Web Services (@aws) -> Amazon
Ammeon -> Ammeon
Amysta -> Amysta
amysta -> Amysta
Ancestry.com -> Ancestry.com
AnchorFree -> AnchorFree
Anonymous -> Independent
ansible Red Hat -> Red Hat
AOE GmbH -> AOE
Apcera -> Apcera
aporeto-inc -> aporeto-inc
AppFormix -> AppFormix
appknox -> Appknox
appOrbit -> appOrbit
Apprenda -> Apprenda
apprenda -> Apprenda
Apprenda Inc. -> Apprenda
AppsCode -> AppsCode
ApresMIDI AB -> ApresMIDI AB
APSL -> APSL
Assurity Consulting Limited -> Assurity
AT&T -> AT&T
Atlassian -> Atlassian
atlassian -> Atlassian
Audi AG -> Audi AG
Autodesk -> Autodesk
Automattic -> Automattic
Available for hire -> Independent
Avametric -> Avametric
Avatao -> Avatao
avito.ru -> avito.ru
Axonista -> Axonista
Azure -> Azure
Azure @Microsoft -> Azure
Azure Container Service -> Azure
B-eee technology -> B-eee technology
Badoo -> Badoo
Bandai Namco Entertainment America -> Bandai Namco Entertainment America
Banzai -> Banzai Media
Barkly Protects, Inc. -> Barkly
Base CRM -> BaseCRM
BaseCRM -> BaseCRM
Batix Software GmbH -> Batix Software GmbH
Bear Brand -> Bear Brand
BeenVerified -> BeenVerified
Beldougie Ltd -> Beldougie
Benzinga -> Benzinga
Berea College -> Berea College
BetterWorks -> BetterWorks
bigchaindb -> bigchaindb
BigPanda -> BigPanda
binarygoo inc. -> binarygoo
Binded -> Binded
Binti -> Binti
bitnami -> Bitnami
Bitnami -> Bitnami
Bits Working -> Bits Working
blackrock -> blackrock
blizzard -> Blizzard
BloomAPI -> BloomAPI
Blue Sentry, Inc. -> Blue Sentry
Bluescape -> Bluescape
Body Slam Games -> Body Slam Games
box -> Box
Box -> Box
Bracket Computing -> Bracket Computing
Brainsware OG -> brainsware
Braintree -> Braintree
Brandwatch Ltd -> Brandwatch
Brian Ketelsen, LLC -> Brian Ketelsen
Bright Pixel -> Bright Pixel
Bryan T. Richardson -> Independent
bufferapp -> Buffer
build2be -> build2be
Buildit -> Buildit
Bullish Ventures -> Bullish Ventures
BuLogics -> BuLogics
BuoyantIO -> BuoyantIO
Bytes and Butter -> Bytes and Butter
Bywan -> Bywan
C2FO -> C2FO
CABNetworks -> CABNetworks
cafebazaar -> cafebazaar
caicloud -> Caicloud
Caicloud -> Caicloud
caicloud.io -> Caicloud
Calcote Studios -> Calcote Studios
CalthorpeAnalytics -> CalthorpeAnalytics
Canonical -> Canonical
Canonical Ltd. -> Canonical
Canonical, Ltd. -> Canonical
Canonical, USA -> Canonical
CanonicalLtd -> Canonical
Capgemini -> Capgemini
Capsule8 -> Capsule8
Carnegie Mellon University -> Independent
Caterpillar Financial -> Caterpillar Financial
Center for Open Science -> Center for Open Science
CenterForOpenScience -> Center for Open Science
CERN -> CERN
ChatWork -> ChatWork
ChatWork, Co. Ltd. -> ChatWork
chbatey -> chbatey
Checkr, Inc. -> Checkr
Chef -> Chef
Chinamobile -> China Mobile International Limited
ChinaNetCenter -> ChinaNetCenter
CI&T -> CI&T
Cisco -> Cisco
cisco -> Cisco
Cisco Systems -> Cisco
CiscoSpark -> CiscoSpark
ciscosystems -> Cisco
Clarifai -> Clarifai
Clearbit -> Clearbit
Cloud Genius -> Cloud Genius
cloudflare -> cloudflare
CloudLinux -> CloudLinux
Cloudnative Labs -> Cloudnative
cmcc -> China Mobile International Limited
cncf -> CNCF
cncf @kubernetes @Mirantis -> Mirantis
cns.me ltd -> cns.me
Cockroach Labs -> Cockroach
cockroachdb -> Cockroach
Code School -> Independent
codecentric -> Codecentric AG
codecentric AG -> Codecentric AG
codedellemc -> Dell
codelabsab -> codelabsab
CoderPad -> CoderPad
Codigami -> Codigami
Collaborne -> Collaborne
commercetools -> commercetools
Compact Information Systems -> Compact Information Systems
Comparative Bioinformatics, CRG -> Comparative Bioinformatics
Compose -> Compose
Computer Science and Engineering Dept. -> Computer Science and Engineering
comScore -> comScore
Concur -> Concur
confluentinc -> confluentinc
Connect Software Corp -> Connect
Constant Contact -> Constant Contact
ContaAzul -> ContaAzul
ContainerSolutions -> ContainerSolutions
ContainerStack.io -> ContainerStack.io
contentful -> Contentful
coopdigital -> coopdigital
coreos -> CoreOS
CoreOS -> CoreOS
coreos + hobbies -> CoreOS
CoreOS, Inc -> CoreOS
CoreOS, Inc (we're hiring!) -> CoreOS
CoreOS, Inc. -> CoreOS
Coveo -> Coveo
CoverMyMeds -> CoverMyMeds
credativ GmbH -> credativ GmbH
Criteo -> Criteo
crondevelopment -> crondevelopment
CT Lab -> CT Lab
curious llc -> Curious
Currency One S.A. -> Currency One SA
cy-play -> cy-play
Cyrus Biotechnology -> Cyrus Biotechnology
Cyso, MOD -> CYSO
d3estudio -> d3estudio
dabapps -> DabApps
Dailymotion -> Dailymotion
DaoCloud -> DaoCloud
DaoCloud Co,.Ltd -> DaoCloud
Data Scientist, Intel Security -> Intel
DataDog -> Datadog
defold / King -> defold
deis -> DEIS
Delft University of Technology -> Independent
descomplica -> Descomplica
Detalytics -> Detalytics
Dev9 -> Dev9
Devhouse Spindle -> Devhouse Spindle
Devsisters Corp. -> Devsisters
Diamanti -> Diamanti
digidentity -> digidentity
digitalocean -> DigitalOcean
DigitalOcean -> DigitalOcean
digitalorigin -> digitalorigin
DimplTeam -> DimplTeam
Discogs -> Discogs
DiscoPosse -> DiscoPosse
Disney -> Walt Disney
DiUS Computing -> DiUS Computing
Dixa -> Dixa
Docker -> Docker
Dollar Shave Club -> Dollar Shave Club
DOMO -> DOMO
draios -> draios
draios (Sysdig) -> draios
dreipunktnull -> dreipunktnull
Dropbox -> Dropbox
Dropbox, Inc. -> Dropbox
dtstack -> dtstack
Dutchcoders -> Dutchcoders
Dynatrace LLC -> Dynatrace
EA DICE (Electronic arts) -> EA DICE
Earnest -> Earnest
Eastbanc Technologies -> Eastbanc Technologies
Easy Learn Code -> Easy Learn Code
EasyStack -> EasyStack
eBay -> eBay
eBay Inc -> eBay
eBay Inc. -> eBay
Eficode -> Eficode
Egnyte -> Egnyte
Elastic -> Elastic
Eldarion, Inc. -> Eldarion
elegantmonkeys -> elegantmonkeys
eleme -> eleme
ElementAI -> ElementAI
Elisa Oyj, Feedtrail Oy -> Independent
EMBL-EBI -> EMBL-EBI
EMC -> EMC
EMnify -> EMnify
en.N cloud -> en.N cloud
Encyclopaedia Britannica -> Encyclopaedia Britannica
Eneco -> Eneco
Engine Yard -> Engine Yard
enptmps -> enptmps
entelo -> entelo
Eon Cloud -> Eon Cloud
EPAM Systems -> EPAM Systems
Epic Games, Inc. -> Epic Games
Equal Experts -> Equal Experts
Ericsson -> Ericsson
esaystack -> esaystack
Evergreen IT Services L.L.C. -> Evergreen IT Services
everis -> everis
evolvetechnology -> evolvetechnology
EVRY -> EVRY
Expand Online -> Expand Online
F5Networks -> F5Networks
Facebook -> Facebook
facebook -> Facebook
faceit @nasa -> NASA
FactSet Research Systems -> FactSet Research Systems
Fairway Technologies, Inc -> Fairway Technologies
FAMC-Development -> FAMC-Development
Farmers Edge Inc -> Farmers Edge
feelobot -> feelobot
Financial Industry Company -> Financial Industry Company
Findyr -> Findyr
Finesse.io -> Finesse.io
finn-no -> FINN.no
FINN.no -> FINN.no
Flatiron Health -> Flatiron Health
Flixbus @flix-tech -> FlixTech
FNST -> FNST
FortnoxAB -> FortnoxAB
Frameio -> Frameio
Freelance -> Independent
freelance -> Independent
Freelancer -> Independent
freelancer -> Independent
Fujitsu -> Fujitsu
FUJITSU ENABLING SOFTWARE TECHNOLOGY GMBH -> Fujitsu
Fujitsu Enabling Software Technology GmbH -> Fujitsu
Fujitsu EST -> Fujitsu
Fujitsu FNST -> Fujitsu
Fujitsu Limited -> Fujitsu
Fujitsu Technology Solutions -> Fujitsu
FullStory -> FullStory
Gambit Research -> Gambit Research
Gangefors Programmering AB -> Gangefors Programmering AB
gatsbyjs -> gatsbyjs
gbtechhub -> gbtechhub
GDC Fujitsu Poland -> Fujitsu
GetFeedback.com -> GetFeedback.com
Getopts Ltd -> Getopts
Giant Swarm -> Giant Swarm
giantswarm -> Giant Swarm
GitHub -> GitHub
Globo.com -> Globo.com
GoCardless -> GoCardless
GoDaddy -> GoDaddy
GoDaddy Inc. -> GoDaddy
goeuro -> goeuro
GoGoVan -> GoGoVan
gojek-engineering -> gojek-engineering
google -> Google
Google -> Google
google @kubernetes -> Google
google and @pclubiitk -> Google
Google Inc -> Google
Google Inc. -> Google
Google Japan, Inc. -> Google
Google UK Ltd -> Google
Google, Inc -> Google
Google, Inc. -> Google
Google.Inc -> Google
Gopher Academy -> Gopher Academy
Gorgias -> Gorgias
gravitational -> gravitational
greenkeeperio -> greenkeeperio
GreenQloud -> GreenQloud
Gudog -> Gudog
h2ik -> h2ik
Happy Pancake -> Happy Pancake
harbur -> harbur
Hark -> Hark
hashicorp -> Hashicorp
Hashicorp -> Hashicorp
heptio -> Heptio
Heptio -> Heptio
Heroku -> Heroku
heroku -> Heroku
Hewlett Packard Enterprise -> HP
HewlettPackard -> HP
hiyainc -> hiyainc
holidaycheck -> holidaycheck
Homeaway -> Homeaway
Hootsuite Media Inc -> Hootsuite Media
Hortonworks -> Hortonworks
hotels.com -> Hotels.com
Hotels.com -> Hotels.com
HotelsDotCom -> Hotels.com
HP -> HP
HP Cloud Services -> HP
hpcloud -> HP
HPE -> HP
HPE Cloud Engineering Manager -> HP
HTG, Limited -> HTG
http://bitnami.com -> Bitnami
http://cloud9ers.com/ -> Cloud Niners
http://elastisys.com/ -> elastisys
http://www.h2o.ai -> h2o.ai
https://deis.com/ -> DEIS
https://www.douyu.com/ -> Douyu.com
Huawei -> Huawei
HUAWEI -> Huawei
huawei -> Huawei
Huawei European Research Center -> Huawei
Huawei Ltd -> Huawei
Huawei Technologies -> Huawei
Huawei Technologies Co. Ltd -> Huawei
Huawei Technologies Co., Ltd -> Huawei
Huawei Technologies Co., Ltd. -> Huawei
Huawei-PaaS -> Huawei
HubSpot -> HubSpot
HugeInc -> HugeInc
hyper.sh -> Hyper.sh
HyperHQ -> HyperHQ
IBM -> IBM
ibm -> IBM
IBM Corporation -> IBM
IBM India Pvt. Ltd. -> IBM
IBM Watson -> IBM
iFix -> iFix
iflix -> iflix
illuminateeducation -> illuminateeducation
Imaginea Technologies Pvt Ltd -> Imaginea Technologies
Imgur -> Imgur
Increments, Inc -> Increments
indiehosters -> indiehosters
Indigo Biosystems -> Indigo Biosystems
InfluxData -> InfluxData
Infoblox, Inc. -> Infoblox
Information Security -> Information Security
Infraly -> Infraly
inovex -> inovex
Intel -> Intel
Intel Corporation -> Intel
Intellection & ZappiStore -> Intellection
intelsdi-x -> Intel
Inuits -> Inuits
Inviqa & Freelancer -> Independent
InVision AG -> InVision AG
ioGlue -> ioGlue
iosphere GmbH -> iosphere GmbH
Irian Solutions -> Irian Solutions
ISI.nc -> ISI.nc
iStreamPlanet -> iStreamPlanet
IT Student INSA de Lyon -> Independent
IT Svit -> IT Svit
itdesign GmbH -> itdesign GmbH
Iteam Solutions AB -> Iteam Solutions AB
ivx -> ivx
Ivy Softworks -> Ivy Softworks
JD.COM -> JD.COM
jetstack -> jetstack
JIKE -> JIKE
Jollyturns -> Jollyturns
Jolt -> Jolt
Juniper Networks -> Juniper Networks
Jusbrasil -> Jusbrasil
Just Eat -> Just Eat
justwatchcom -> JustWatch
KAYAK -> KAYAK
Kende -> Kende
Kensho, GAuthify -> Kensho, GAuthify
kickstarter -> kickstarter
kinvolk -> Kinvolk
klarna -> Klarna
Klarna AB -> Klarna
kodify -> kodify
ksyun -> ksyun
Kyrychenko Anton -> Kyrychenko Anton
Lehigh University -> Independent
lexicalgap -> lexicalgap
Liberty Global -> Liberty Global
lifeonairteam -> lifeonairteam
linkedin -> LinkedIn
LinkedIn -> LinkedIn
Liquidweb -> Liquidweb
log-os -> log-os
Lohi Labs -> Lohi Labs
Lohika -> Lohika
loodse -> loodse
LOUISINTERNET -> LOUISINTERNET
Luiza Labs -> Luizalabs
Luminis Technologies -> Luminis
MaibornWolff -> MaibornWolff
MapD -> MapD
maryvilledev -> maryvilledev
Mavenlink -- @mavenlink -> Mavenlink
Maxwell Health -> Maxwell Health
mayflower -> mayflower
MEDIALAAN -> MEDIALAAN
Mercari, Inc. -> Mercari
Mesoshpere, Inc. -> Mesoshpere
Mesosphere -> Mesosphere
MessageBird -> MessageBird
messagebird -> MessageBird
Met Office Informatics Lab -> Met Office Informatics
Metaswitch Networks -> Metaswitch
micro -> micro
Microsoft -> Microsoft
microsoft -> Microsoft
Microsoft - Azure Linux -> Azure
Microsoft @Azure -> Azure
Microsoft Corporation -> Microsoft
Microsoft Research -> Microsoft Research
Minimum Distance LLC -> Minimum Distance
minio -> minio
Ministry of Education -> Ministry of Education
Mirantis -> Mirantis
Mirantis Inc. -> Mirantis
Mirantis, Inc. -> Mirantis
Mirantis-IT -> Mirantis
mixpanel -> mixpanel
modernmsg -> modernmsg
Mogo -> Mogo
MongoDB, WonderProxy -> MongoDB
mooistudios -> mooistudios
moovel -> moovel
Move Inc -> Move
mozilla -> Mozilla
Mozilla -> Mozilla
MuleSoft -> MuleSoft
Multifarious, Inc. -> Multifarious
mxxn -> mxxn
myvoya -> myvoya
n/a -> Independent
N/A -> Independent
Nadileaf -> Nadileaf
NASA Jet Propulsion Laboratory -> NASA
Naver -> Naver
Naver Corp. -> Naver
NBC Universal & Basekamp -> Basekamp
nearForm -> nearForm
NetEase -> Net EASE 网易有态度
Netflix -> Netflix
Netquest -> Netquest
NHN ENTERTAINMENT -> NHN
Nicira -> Nicira
NICTA -> NICTA
Nike Inc. -> Nike
Nike-Inc -> Nike
Nokia -> Nokia
Noraneko, Inc. -> Noraneko
Nordcloud -> Nordcloud
Nordstrom -> Nordstrom
Nota Inc, -> Nota
Nozzle -> Nozzle
NTT communications -> NTT
NTT Laboratories -> NTT
Nuance Communications -> Nuance Communications
Nugit -> Nugit
Nuglif -> Nuglif
nytimes -> The New York Times
Oblong Industries, Inc. -> Oblong Industries
Ocado -> Ocado
ocadotechnology -> ocadotechnology
Ocelot Uproar -> Ocelot Uproar
Octopuce -> Octopuce
OfferUp -> OfferUp
OH!COOL CO., LTD. -> OH!COOL
Omise Co., Ltd. -> Omise Co
Open-Xchange -> Open-Xchange
OpenCredo -> OpenCredo
OpenStack Foundation -> OpenStack Foundation
opentargets -> opentargets
Opes Software -> Opes Software
Opsview Ltd -> Opsview
optiopay -> optiopay
Orange -> Orange
Out There Labs -> Out There Labs
ovotech -> ovotech
Oxalide -> Oxalide
pachyderm -> pachyderm
palantir -> Palantir
Panasonic Automotive -> Panasonic Automotive
PaperCut Software -> PaperCut Software
Paradigma Tecnológico -> Paradigma Tecnológico
PasientSky AS -> PasientSky AS
Patientco -> Patientco
Paypal -> PayPal
Personal -> Independent
PGi -> PGi
Photobox -> Photobox
Pixxis -> Pixxis
Poetic Systems -> Poetic Systems
Points International -> Points International
Polvi Co (@CoreOS) -> CoreOS
portworx -> portworx
postmates -> postmates
Practo -> Practo
Praekelt -> Praekelt
Pressly Inc. -> Pressly
ProcessOut -> ProcessOut
ProdataKey -> ProdataKey
projectcalico @tigera -> Tigera
ProjectSigma -> ProjectSigma
Publica -> Publica
Puppet Labs -> Puppet
puppetlabs -> Puppet
Q42 -> Q42
Qiniu -> Qiniu
qiniu shanghai -> qiniu shanghai
QuantiHealth -> QuantiHealth
Quantum -> Quantum
quaponatech -> quaponatech
Quest Software Inc. -> Quest Software
quinncia -> quinncia
Qwil -> Qwil
R&D Center, TravelSky Technology Limited -> TravelSky Technology
R&R Music -> R&R Music
RackN -> RackN
Rackspace -> Rackspace
rackspace -> Rackspace
Radarearth.com -> Radarearth.com
Radicore AB -> Radicore AB
RAMBLER&Co -> RAMBLER
Rancher Labs -> Rancher Labs
Rancher Labs, Inc. -> Rancher Labs
reactiveops -> ReactiveOps
ReactiveOps -> ReactiveOps
recruit-mp -> recruit-mp
Red Hat -> Red Hat
red hat -> Red Hat
Red Hat - eNovance -> Red Hat
Red Hat @openshift -> Red Hat
Red Hat Canada Ltd -> Red Hat
Red Hat Inc. -> Red Hat
Red Hat OpenShift -> Red Hat
Red Hat, Inc -> Red Hat
Red Hat, Inc. -> Red Hat
reddit -> Reddit
Reddit -> Reddit
redhat -> Red Hat
RedHat -> Red Hat
Redhat -> Red Hat
Redhat Inc. -> Red Hat
redhat-developer -> Red Hat
redhat-developer, @minishift, @gbraadnl -> Red Hat
Reevoo -> Reevoo
Replay Gaming -> Replay Gaming
ReportGarden -> ReportGarden
Republic -> Republic
ReturnPath -> ReturnPath
Revinate, Siliconvortex -> Revinate, Siliconvortex
RightScale -> RightScale
Rimoto -> Rimoto
Robotinfra.com -> Robotinfra.com
RStor @rstorcloud -> rstorcloud
Ruby Pixel Ltd. -> Ruby Pixel Ltd.
Ruf Telematik AG -> Ruf Telematik AG
runnable.com -> runnable.com
Rythm -> Rythm
safework -> safework
Saharacluster -> Saharacluster
salesforce -> SalesForce
Salesforce -> SalesForce
Salesforce.com -> SalesForce
salestock -> salestock
Saltside -> Saltside
saltstack -> SaltStack
Samsung -> Samsung
Samsung Cloud Native Computing Team -> Samsung
Samsung Research America -> Samsung
Samsung SDS -> Samsung
Samsung SDS America -> Samsung
samsung-cnct -> Samsung
Sansung-cnct -> Sansung
SantoshSahoo.com -> SantoshSahoo.com
SAP -> SAP
SAP Hybris -> SAP
SAP Hybris (@hybris) -> SAP
SAP Labs LLC -> SAP
SAP SE -> SAP
SAPHO, INC -> SAPHO
Savant Advisors LLC -> Savant Advisors
SC5 Online -> SC5 Online
Scalapenos -> Scalapenos
Schibsted Media Group -> Schibsted
Schibsted Tech Polska -> Schibsted
Schuberg Philis -> Schuberg Philis
ScriptDash -> ScriptDash
Seagate Technologies -> Seagate
SeamlessDocsDev -> SeamlessDocsDev
SeeTheProgress -> SeeTheProgress
SERPRO -> SERPRO
Seven Minds LLC -> Seven Minds
Seznam.cz -> Seznam.cz
ShahBrothers -> ShahBrothers
Shanghai Jiao Tong University -> Independent
Shopify -> Shopify
Shopify Inc. -> Shopify
shopspring -> shopspring
Showpad -> Showpad
ShutIt -> ShutIt
Sina -> Sina
Skiddoo -> Skiddoo
Skipjaq -> Skipjaq
sky-uk -> sky-uk
skycloud -> skycloud
Skywind Tech LV -> Skywind Tech LV
Smart Scheduling -> Smart Scheduling
Smartcoder Ltd -> Smartcoder
Smartrac -> Smartrac
Smile -> Smile
Smooch.io -> Smooch.io
SocialExplorer -> SocialExplorer
Softonic -> Softonic
sorintlab -> sorintlab
soundcloud -> SoundCloud
SoundCloud -> SoundCloud
sourceclear -> sourceclear
sourcegraph -> sourcegraph
SPARCS, KAIST -> SPARCS, KAIST
sparkbitpl -> sparkbitpl
SparkTC -> SparkTC
Spidex LLC -> Spidex
Spire -> Spire
spotahome -> spotahome
Spotify -> Spotify
SRE @instacart -> SRE @instacart
StackPointCloud -> StackPointCloud
StackPointCloud, Inc. -> StackPointCloud
Stacktical -> Stacktical
Stanford University -> Independent
Starfleet @kenzanmedia -> Kenzanmedia
StepStone -> StepStone
Stigmergy -> Stigmergy
storageos -> storageos
Storyful -> Storyful
StoutLLC, @DataVoke -> StoutLLC
streamplace -> streamplace
Stripe, @HackTheNorth -> Stripe
Styra, Inc. -> Styra
Superbalist -> Superbalist
SuperPixel -> SuperPixel
SUSE -> SUSE
SUSE / @suse -> SUSE
SUSE Linux GmbH -> SUSE
Sutoiku -> Sutoiku
Symantec -> Symantec
Target -> Target
teacherspayteachers -> TeachersPayTeachers
TeachersPayTeachers -> TeachersPayTeachers
TeamGrid -> TeamGrid
Tech9 Computer Solutions, LLC -> Tech9 Computer Solutions
TechAngels -> TechAngels
Technology One -> Technology One
tef-novum -> tef-novum
Tencent -> Tencent
tenxcloud -> tenxcloud
teracyhq -> teracyhq
Teradata -> Teradata
Teradata Corporation -> Teradata Corporation
Teralytics -> Teralytics
Teslabit -> Teslabit
teuto.net Netzdienste GmbH -> teuto.net Netzdienste GmbH
textioHQ -> textioHQ
The Ambassadors LAB -> The Ambassadors LAB
The Linux Foundation -> The Linux Foundation
TheNatureOfSoftware -> TheNatureOfSoftware
Thoughtworks -> Thoughtworks
thoughtworks -> ThoughtWorks
ThoughtWorks -> ThoughtWorks
ThoughtWorksInc -> ThoughtWorks
ThousandEyes -> ThousandEyes
TIBCOSoftware -> TIBCOSoftware
Ticketmaster -> Ticketmaster
Tigera -> Tigera
tigera -> Tigera
TinkLabs -> TinkLabs
titicacadev -> titicacadev
topfreegames -> topfreegames
Tradesy -> Tradesy
Transwarp -> Transwarp
Trantect -> Trantect
Traum-Ferienwohnungen -> Traum-Ferienwohnungen
treasure-data -> treasure-data
Tremolo Security, Inc. -> Tremolo Security
TrendMicro Inc. -> TrendMicro
Tresler Co. -> Tresler
TriNimbus -> TriNimbus
Trinity Mirror -> Trinity Mirror
TripCreator -> TripCreator
tsuru -> tsuru
Tuenti Technologies @tuenti -> Tuenti Technologies
Tulip -> Tulip
Turnstyle Solutions -> Turnstyle Solutions
Twilio -> Twilio
twitch.tv -> twitch.tv
Uber -> Uber
uberous -> uberous
udacity -> udacity
Unicon -> Unicon
Univa -> Univa
Universidad Rey Juan Carlos -> Independent
University of British Columbia -> Independent
University of Michigan -> Independent
University of North Dakota Aerospace Network -> Independent
upmc-enterprises -> upmc-enterprises
UptimeVentures -> UptimeVentures
ustream -> ustream
Ustream, Inc. -> Ustream
utinity GmbH -> utinity GmbH
UW -> UW
ValuationUp -> ValuationUp
Venturit Inc. -> Venturit
Verdens Gang AS -> Verdens Gang AS
veritone -> veritone
Verizon -> Verizon
versionpress -> versionpress
vidible -> vidible
vimond -> vimond
viper-development -> viper-development
vipshop -> vipshop
viralkitty -> viralkitty
Virgen Technologies -> Virgen Technologies
Virtuozzo -> Virtuozzo
virtuozzo -> Virtuozzo
Virtuozzo / OpenVZ -> Virtuozzo / OpenVZ
Virtustream -> Virtustream
Vistaprint -> Vistaprint
ViyetInc -> Viyet
VMware -> VMware
vmware -> VMware
VMware, Inc. -> VMware
volleylabs -> volleylabs
VREAL -> VREAL
Vungle -> Vungle
VW DataLab -> VW DataLab
WadiInternet -> WadiInternet
Walmart -> Walmart
Wantedly, Inc. @wantedly -> Wantedly
Washington Post -> Washington Post
Wavefront -> Wavefront
wdas -> Walt Disney
wearemolecule -> wearemolecule
weaveworks -> Weaveworks
Weaveworks -> Weaveworks
Weborama -> Weborama
wellcometrust -> wellcometrust
Wellington & King, Inc. -> Wellington & King
wercker -> Wercker
Wercker -> Wercker
Wescale -> Wescale
Weyland & Cordova Corporation -> Weyland & Cordova Corporation
wfarr systems -> wfarr systems
wikiwi -> wikiwi
wireload -> wireload
WombatSoftware -> WombatSoftware
woorank -> woorank
workday -> workday
Workiva -> Workiva
WP Engine -> WP Engine
WSO2 -> WSO2
wyplay -> wyplay
xiaomi -> XiaoMi
XiaoMi -> XiaoMi
XLAB d.o.o. -> XLAB
Yahoo -> Yahoo
Yahoo! -> Yahoo
Yahoo! Japan -> Yahoo
Yammer -> Yammer
YouGov -> YouGov
youtube -> Google
YY -> YY
Z Lab Corporation -> Z Lab Corporation
zalando -> Zalando
Zalando -> Zalando
zalando @zalando-incubator -> Zalando
Zalando SE -> Zalando
ZappiStore -> ZappiStore
Zendesk -> Zendesk
zendesk -> Zendesk
Zenfulfillment -> Zenfulfillment
Zenika -> Zenika
zesty.io -> zesty.io
ZheJiang  University -> Independent
ZheJiang University -> Independent
Zhejiang University -> Independent
ZIDIF -> ZIDIF
zju -> zju
ZJU-SEL -> ZJU-SEL
zlabjp -> zlabjp
znly -> znly
ZTE -> ZTE Corporation
ZTE Corporation -> ZTE Corporation
ZTE Corportaion -> ZTE Corporation
Über Technologies -> Über Technologies
ПРОНИКС -> ПРОНИКС
